-- 1. Заполнить все таблицы БД vk данными (по 10-100 записей в каждой таблице).

USE vk;

DROP TABLE IF EXISTS `communities`;
/*!40101 SET @saved_cs_client     = @@character_set_client */;
/*!40101 SET character_set_client = utf8 */;
CREATE TABLE `communities` (
  `id` bigint(20) unsigned NOT NULL AUTO_INCREMENT,
  `name` varchar(150) COLLATE utf8mb4_unicode_ci DEFAULT NULL,
  `admin_user_id` bigint(20) unsigned DEFAULT NULL,
  PRIMARY KEY (`id`),
  KEY `communities_name_idx` (`name`),
  KEY `admin_user_id` (`admin_user_id`),
  CONSTRAINT `communities_ibfk_1` FOREIGN KEY (`admin_user_id`) REFERENCES `users` (`id`) ON DELETE SET NULL ON UPDATE CASCADE
) ENGINE=InnoDB AUTO_INCREMENT=101 DEFAULT CHARSET=utf8mb4 COLLATE=utf8mb4_unicode_ci;
/*!40101 SET character_set_client = @saved_cs_client */;

--
-- Dumping data for table `communities`
--

LOCK TABLES `communities` WRITE;
/*!40000 ALTER TABLE `communities` DISABLE KEYS */;
INSERT INTO `communities` VALUES (1,'libero',1),(2,'hic',2),(3,'aut',3),(4,'distinctio',4),(5,'sunt',5),(6,'aut',6),(7,'facilis',7),(8,'repudiandae',8),(9,'et',9),(10,'sint',10),(11,'commodi',11),(12,'tenetur',12),(13,'iusto',13),(14,'excepturi',14),(15,'pariatur',15),(16,'corrupti',16),(17,'fuga',17),(18,'cupiditate',18),(19,'modi',19),(20,'quia',20),(21,'eveniet',21),(22,'quibusdam',22),(23,'quo',23),(24,'totam',24),(25,'ratione',25),(26,'animi',26),(27,'neque',27),(28,'qui',28),(29,'nisi',29),(30,'aliquid',30),(31,'tempora',31),(32,'eum',32),(33,'totam',33),(34,'et',34),(35,'illo',35),(36,'doloribus',36),(37,'debitis',37),(38,'facilis',38),(39,'laudantium',39),(40,'molestias',40),(41,'asperiores',41),(42,'libero',42),(43,'occaecati',43),(44,'voluptates',44),(45,'aspernatur',45),(46,'iure',46),(47,'in',47),(48,'numquam',48),(49,'molestiae',49),(50,'est',50),(51,'eveniet',51),(52,'et',52),(53,'velit',53),(54,'eius',54),(55,'at',55),(56,'amet',56),(57,'dolor',57),(58,'alias',58),(59,'magnam',59),(60,'veritatis',60),(61,'neque',61),(62,'quo',62),(63,'laboriosam',63),(64,'placeat',64),(65,'odio',65),(66,'voluptatem',66),(67,'vitae',67),(68,'quo',68),(69,'dolorum',69),(70,'ipsam',70),(71,'modi',71),(72,'quas',72),(73,'ut',73),(74,'architecto',74),(75,'accusantium',75),(76,'esse',76),(77,'voluptas',77),(78,'rem',78),(79,'est',79),(80,'nemo',80),(81,'quaerat',81),(82,'suscipit',82),(83,'minus',83),(84,'et',84),(85,'suscipit',85),(86,'dolor',86),(87,'omnis',87),(88,'amet',88),(89,'adipisci',89),(90,'officiis',90),(91,'dolores',91),(92,'numquam',92),(93,'temporibus',93),(94,'architecto',94),(95,'consequatur',95),(96,'qui',96),(97,'quia',97),(98,'sunt',98),(99,'nisi',99),(100,'et',100);
/*!40000 ALTER TABLE `communities` ENABLE KEYS */;
UNLOCK TABLES;

--
-- Table structure for table `friend_requests`
--

DROP TABLE IF EXISTS `friend_requests`;
/*!40101 SET @saved_cs_client     = @@character_set_client */;
/*!40101 SET character_set_client = utf8 */;
CREATE TABLE `friend_requests` (
  `initiator_user_id` bigint(20) unsigned NOT NULL,
  `target_user_id` bigint(20) unsigned NOT NULL,
  `status` enum('requested','approved','declined','unfriended') COLLATE utf8mb4_unicode_ci DEFAULT NULL,
  `requested_at` datetime DEFAULT current_timestamp(),
  `updated_at` datetime DEFAULT NULL ON UPDATE current_timestamp(),
  PRIMARY KEY (`initiator_user_id`,`target_user_id`),
  KEY `target_user_id` (`target_user_id`),
  CONSTRAINT `friend_requests_ibfk_1` FOREIGN KEY (`initiator_user_id`) REFERENCES `users` (`id`) ON DELETE CASCADE ON UPDATE CASCADE,
  CONSTRAINT `friend_requests_ibfk_2` FOREIGN KEY (`target_user_id`) REFERENCES `users` (`id`) ON DELETE CASCADE ON UPDATE CASCADE
) ENGINE=InnoDB DEFAULT CHARSET=utf8mb4 COLLATE=utf8mb4_unicode_ci;
/*!40101 SET character_set_client = @saved_cs_client */;

--
-- Dumping data for table `friend_requests`
--

LOCK TABLES `friend_requests` WRITE;
/*!40000 ALTER TABLE `friend_requests` DISABLE KEYS */;
INSERT INTO `friend_requests` VALUES (1,1,'requested','1981-10-16 19:43:34','1983-01-20 22:17:12'),(2,2,'requested','1990-02-10 12:27:27','1993-06-13 05:58:00'),(3,3,'approved','1998-07-03 04:25:01','1987-02-10 07:12:10'),(4,4,'requested','1995-07-07 22:06:02','1978-08-24 05:38:40'),(5,5,'unfriended','1989-09-01 15:34:22','1973-05-12 18:29:15'),(6,6,'approved','1977-04-13 09:56:30','1989-02-21 17:53:36'),(7,7,'requested','1997-01-09 09:26:22','1972-03-19 04:11:15'),(8,8,'unfriended','1994-12-01 06:57:52','1975-07-19 06:14:13'),(9,9,'unfriended','1983-11-22 02:24:13','1980-03-30 17:42:39'),(10,10,'declined','1996-10-22 14:03:53','1992-09-27 14:32:37'),(11,11,'approved','1990-01-28 23:19:20','1972-10-09 05:51:25'),(12,12,'declined','1988-03-14 14:07:23','1993-02-02 00:05:50'),(13,13,'unfriended','1980-09-30 18:02:03','1995-08-12 00:40:09'),(14,14,'declined','1974-05-31 06:18:40','1990-05-17 10:36:53'),(15,15,'requested','2012-04-11 20:44:15','1981-06-20 05:18:24'),(16,16,'requested','1972-12-30 12:01:11','1984-02-02 23:21:32'),(17,17,'requested','1993-08-02 12:11:04','1994-03-19 01:52:35'),(18,18,'unfriended','1982-03-13 10:37:32','1990-03-22 00:09:21'),(19,19,'declined','1988-08-24 09:36:33','2005-12-19 01:16:05'),(20,20,'requested','2013-07-14 23:02:20','2015-02-18 00:22:13'),(21,21,'unfriended','2000-06-19 15:10:09','2009-05-10 03:01:43'),(22,22,'approved','1983-10-24 02:00:08','1991-02-05 16:46:54'),(23,23,'requested','2002-08-17 14:07:38','2000-05-02 17:41:21'),(24,24,'requested','1986-09-23 08:19:25','1975-06-06 13:13:22'),(25,25,'approved','2000-01-24 06:46:07','1980-08-19 15:14:35'),(26,26,'requested','2013-01-27 23:17:04','1999-04-14 14:56:59'),(27,27,'unfriended','2013-03-27 01:19:30','2000-05-18 01:56:14'),(28,28,'requested','2008-11-20 08:05:05','1996-09-20 22:47:10'),(29,29,'requested','2007-12-03 10:55:54','1977-09-07 00:45:39'),(30,30,'unfriended','2002-05-12 02:36:59','2002-06-19 16:15:11'),(31,31,'requested','1972-05-28 00:32:13','1978-10-29 13:38:21'),(32,32,'declined','2017-06-19 09:01:37','1996-03-12 17:00:22'),(33,33,'requested','2003-09-01 09:22:48','1986-04-04 12:21:40'),(34,34,'declined','1982-09-11 07:55:21','2000-11-25 17:54:56'),(35,35,'unfriended','2012-05-20 17:04:08','2012-12-08 17:47:24'),(36,36,'requested','2016-10-18 10:25:15','2009-06-27 03:24:26'),(37,37,'approved','2003-03-07 07:38:17','1983-12-28 23:21:53'),(38,38,'approved','1978-01-11 10:58:30','2011-10-09 13:44:17'),(39,39,'unfriended','2009-07-03 07:12:42','1971-10-11 12:10:38'),(40,40,'requested','1991-06-17 04:42:59','1998-09-09 17:11:34'),(41,41,'requested','1975-04-10 23:12:15','1994-08-22 20:38:58'),(42,42,'requested','2007-02-24 21:34:37','1986-10-08 13:03:03'),(43,43,'requested','1990-06-11 19:00:02','2020-04-13 06:13:25'),(44,44,'declined','2018-01-12 14:44:14','1997-10-11 22:34:58'),(45,45,'unfriended','1988-09-10 09:08:43','1992-04-26 00:09:51'),(46,46,'unfriended','1983-06-25 07:08:19','2017-12-02 20:45:32'),(47,47,'declined','1986-01-25 13:37:20','2019-09-17 05:15:03'),(48,48,'declined','2004-08-06 06:45:22','1989-11-09 09:42:47'),(49,49,'declined','1991-07-07 09:07:42','1998-03-14 18:19:58'),(50,50,'unfriended','1982-07-07 17:02:59','1997-04-21 10:02:07'),(51,51,'unfriended','1996-08-02 12:04:56','2017-10-02 17:19:58'),(52,52,'declined','1992-03-22 10:29:09','2015-10-23 13:52:06'),(53,53,'approved','1987-02-10 10:10:06','2003-11-30 19:01:00'),(54,54,'requested','1973-05-26 13:11:19','2018-03-26 10:36:22'),(55,55,'unfriended','2012-10-15 12:36:46','1992-07-02 13:06:53'),(56,56,'requested','2003-06-13 18:23:56','1971-09-18 17:59:38'),(57,57,'unfriended','1975-07-21 20:31:20','2005-10-14 11:51:28'),(58,58,'approved','2012-01-29 23:36:13','2003-10-29 06:26:30'),(59,59,'requested','2003-04-13 09:57:32','1975-03-07 03:27:28'),(60,60,'approved','1984-05-11 10:24:59','2016-03-07 22:38:18'),(61,61,'declined','2014-09-25 08:54:57','1997-09-08 00:14:44'),(62,62,'approved','2006-04-29 02:25:50','1982-06-02 19:18:53'),(63,63,'unfriended','1983-12-16 13:00:51','1997-07-15 22:42:03'),(64,64,'requested','2015-05-14 14:46:27','1977-06-26 00:36:21'),(65,65,'requested','1976-05-22 16:13:16','1984-01-04 05:07:56'),(66,66,'declined','2017-06-10 14:30:32','2020-01-16 10:28:49'),(67,67,'unfriended','1991-06-13 17:10:42','2006-06-12 06:05:41'),(68,68,'unfriended','2001-02-25 09:08:18','2008-04-13 22:36:44'),(69,69,'requested','1978-03-01 19:13:54','1978-05-17 15:51:41'),(70,70,'requested','1979-06-23 04:37:08','1986-11-15 14:46:28'),(71,71,'approved','1975-11-05 06:07:22','1987-03-26 19:32:42'),(72,72,'requested','2020-05-07 01:19:18','2000-01-22 20:04:22'),(73,73,'unfriended','1996-01-19 18:08:05','1981-04-21 01:37:17'),(74,74,'unfriended','1979-06-08 15:26:52','1985-08-20 15:16:24'),(75,75,'unfriended','1994-12-02 06:06:27','1974-06-14 04:49:30'),(76,76,'approved','1973-10-01 14:04:48','2013-06-08 13:38:55'),(77,77,'approved','2019-09-02 09:04:57','1999-02-17 15:17:59'),(78,78,'unfriended','1993-04-07 11:03:39','1989-12-01 06:44:06'),(79,79,'approved','1977-10-24 21:39:49','1999-07-06 16:06:25'),(80,80,'unfriended','2011-10-09 23:29:41','1983-09-12 09:46:04'),(81,81,'declined','1984-05-15 02:00:51','1991-06-02 00:52:05'),(82,82,'declined','2014-06-21 01:10:47','2010-03-11 06:16:26'),(83,83,'unfriended','2006-07-12 08:15:09','1986-05-06 22:58:04'),(84,84,'declined','1982-10-26 21:17:33','1983-12-20 01:43:33'),(85,85,'unfriended','2006-06-13 05:40:38','2008-01-24 22:36:09'),(86,86,'approved','2002-07-15 03:34:02','1988-10-22 13:36:36'),(87,87,'approved','1997-04-11 22:09:51','1970-09-13 04:46:53'),(88,88,'unfriended','1998-11-27 13:04:16','1981-12-29 15:06:32'),(89,89,'declined','2010-11-13 20:52:46','1990-01-24 13:48:54'),(90,90,'unfriended','1972-02-10 19:40:27','1980-02-18 04:38:51'),(91,91,'requested','1978-04-18 21:18:54','1997-03-12 17:52:28'),(92,92,'declined','1996-10-26 15:31:27','1997-07-02 01:00:33'),(93,93,'declined','1993-02-25 09:29:05','1988-03-26 15:32:58'),(94,94,'declined','1993-03-23 12:06:10','2004-10-04 15:17:20'),(95,95,'unfriended','2012-08-31 16:45:26','1982-08-25 23:39:20'),(96,96,'unfriended','1991-06-01 19:37:08','2018-09-25 04:52:34'),(97,97,'approved','1991-12-05 08:47:44','2010-03-07 13:21:59'),(98,98,'approved','1986-10-08 09:18:09','1999-01-08 23:09:03'),(99,99,'requested','2011-08-30 04:55:33','1983-04-08 01:59:45'),(100,100,'approved','2004-08-15 10:57:50','2020-07-08 13:41:31');
/*!40000 ALTER TABLE `friend_requests` ENABLE KEYS */;
UNLOCK TABLES;

--
-- Table structure for table `likes`
--

DROP TABLE IF EXISTS `likes`;
/*!40101 SET @saved_cs_client     = @@character_set_client */;
/*!40101 SET character_set_client = utf8 */;
CREATE TABLE `likes` (
  `id` bigint(20) unsigned NOT NULL AUTO_INCREMENT,
  `user_id` bigint(20) unsigned NOT NULL,
  `media_id` bigint(20) unsigned NOT NULL,
  `created_at` datetime DEFAULT current_timestamp(),
  PRIMARY KEY (`id`),
  KEY `user_id` (`user_id`),
  KEY `media_id` (`media_id`),
  CONSTRAINT `likes_ibfk_1` FOREIGN KEY (`user_id`) REFERENCES `users` (`id`) ON DELETE CASCADE ON UPDATE CASCADE,
  CONSTRAINT `likes_ibfk_2` FOREIGN KEY (`media_id`) REFERENCES `media` (`id`) ON DELETE CASCADE ON UPDATE CASCADE
) ENGINE=InnoDB AUTO_INCREMENT=101 DEFAULT CHARSET=utf8mb4 COLLATE=utf8mb4_unicode_ci;
/*!40101 SET character_set_client = @saved_cs_client */;

--
-- Dumping data for table `likes`
--

LOCK TABLES `likes` WRITE;
/*!40000 ALTER TABLE `likes` DISABLE KEYS */;
INSERT INTO `likes` VALUES (1,1,1,'2011-11-03 09:35:07'),(2,2,2,'2002-01-25 00:34:49'),(3,3,3,'2009-06-14 06:12:52'),(4,4,4,'2005-10-30 00:15:18'),(5,5,5,'2019-02-17 17:28:58'),(6,6,6,'2014-10-03 14:50:21'),(7,7,7,'2019-03-24 15:34:51'),(8,8,8,'1997-07-04 13:27:15'),(9,9,9,'1976-04-18 02:38:43'),(10,10,10,'1998-03-29 20:12:00'),(11,11,11,'1998-03-13 15:16:42'),(12,12,12,'1980-12-02 05:48:15'),(13,13,13,'2019-11-22 03:05:11'),(14,14,14,'1999-11-17 20:28:19'),(15,15,15,'1981-04-21 08:20:01'),(16,16,16,'1983-09-30 12:39:48'),(17,17,17,'1970-07-30 10:58:22'),(18,18,18,'1979-06-25 05:33:37'),(19,19,19,'1971-01-01 22:59:15'),(20,20,20,'1980-06-03 15:55:16'),(21,21,21,'1987-03-13 07:53:14'),(22,22,22,'1970-08-02 13:27:53'),(23,23,23,'1978-05-18 07:12:10'),(24,24,24,'1970-08-18 08:43:25'),(25,25,25,'2009-05-22 11:19:31'),(26,26,26,'2001-09-27 20:48:01'),(27,27,27,'1978-12-19 06:51:06'),(28,28,28,'1994-04-28 18:42:19'),(29,29,29,'2009-11-06 00:22:07'),(30,30,30,'2002-03-26 06:46:22'),(31,31,31,'1989-03-20 06:50:17'),(32,32,32,'2019-07-08 21:12:51'),(33,33,33,'1985-10-02 10:08:39'),(34,34,34,'2004-01-11 14:12:43'),(35,35,35,'1994-09-22 12:23:25'),(36,36,36,'2011-06-17 02:49:00'),(37,37,37,'1980-11-11 08:24:05'),(38,38,38,'1997-04-21 13:11:24'),(39,39,39,'1983-01-31 19:43:07'),(40,40,40,'1980-07-20 13:17:44'),(41,41,41,'1978-12-27 00:58:58'),(42,42,42,'2000-04-03 15:51:16'),(43,43,43,'2003-08-21 17:30:34'),(44,44,44,'1992-08-11 15:23:22'),(45,45,45,'1995-01-02 22:25:58'),(46,46,46,'2013-01-14 15:16:47'),(47,47,47,'1975-09-04 03:39:49'),(48,48,48,'1982-04-03 16:19:30'),(49,49,49,'1993-12-05 17:42:03'),(50,50,50,'1973-10-24 17:46:05'),(51,51,51,'1981-06-28 21:22:43'),(52,52,52,'1991-02-22 06:46:03'),(53,53,53,'2009-09-22 15:20:33'),(54,54,54,'2002-06-09 07:31:05'),(55,55,55,'1997-04-17 22:28:10'),(56,56,56,'2011-09-17 01:20:41'),(57,57,57,'1972-02-23 05:41:52'),(58,58,58,'2005-05-10 17:56:58'),(59,59,59,'2019-03-21 05:43:05'),(60,60,60,'2012-07-20 17:46:16'),(61,61,61,'1996-03-05 20:50:30'),(62,62,62,'1987-01-28 07:33:35'),(63,63,63,'2019-09-11 07:52:59'),(64,64,64,'1995-11-01 13:10:22'),(65,65,65,'2018-07-31 17:54:24'),(66,66,66,'1997-11-05 08:53:02'),(67,67,67,'2003-04-02 20:47:02'),(68,68,68,'2008-08-26 12:06:17'),(69,69,69,'2005-06-11 19:48:09'),(70,70,70,'2017-02-17 12:16:40'),(71,71,71,'1980-12-12 01:25:00'),(72,72,72,'2016-11-20 21:18:44'),(73,73,73,'2016-10-17 05:42:16'),(74,74,74,'2017-11-23 03:04:39'),(75,75,75,'2012-11-12 22:38:46'),(76,76,76,'2013-03-08 16:20:28'),(77,77,77,'1979-04-11 02:31:38'),(78,78,78,'2008-09-05 07:32:47'),(79,79,79,'2002-09-25 11:58:13'),(80,80,80,'1986-11-09 15:39:44'),(81,81,81,'2019-02-19 23:48:47'),(82,82,82,'1983-06-08 04:18:52'),(83,83,83,'1979-07-31 02:56:03'),(84,84,84,'1985-08-02 11:26:47'),(85,85,85,'1992-02-16 07:42:39'),(86,86,86,'1970-04-01 21:21:18'),(87,87,87,'2000-08-27 21:12:48'),(88,88,88,'1975-07-11 03:52:54'),(89,89,89,'2012-06-10 14:48:50'),(90,90,90,'1985-02-19 09:21:57'),(91,91,91,'1994-08-30 03:53:47'),(92,92,92,'1981-02-23 06:08:58'),(93,93,93,'1987-03-10 15:26:06'),(94,94,94,'1996-10-28 23:30:29'),(95,95,95,'1980-05-12 13:51:58'),(96,96,96,'1991-07-09 05:27:02'),(97,97,97,'1988-09-25 08:55:09'),(98,98,98,'2013-04-27 07:38:37'),(99,99,99,'1992-08-25 21:46:03'),(100,100,100,'2013-06-21 15:08:47');
/*!40000 ALTER TABLE `likes` ENABLE KEYS */;
UNLOCK TABLES;

--
-- Table structure for table `media`
--

DROP TABLE IF EXISTS `media`;
/*!40101 SET @saved_cs_client     = @@character_set_client */;
/*!40101 SET character_set_client = utf8 */;
CREATE TABLE `media` (
  `id` bigint(20) unsigned NOT NULL AUTO_INCREMENT,
  `media_type_id` bigint(20) unsigned DEFAULT NULL,
  `user_id` bigint(20) unsigned NOT NULL,
  `body` text COLLATE utf8mb4_unicode_ci DEFAULT NULL,
  `filename` varchar(255) COLLATE utf8mb4_unicode_ci DEFAULT NULL,
  `size` int(11) DEFAULT NULL,
  `metadata` longtext CHARACTER SET utf8mb4 COLLATE utf8mb4_bin DEFAULT NULL CHECK (json_valid(`metadata`)),
  `created_at` datetime DEFAULT current_timestamp(),
  `updated_at` datetime DEFAULT current_timestamp() ON UPDATE current_timestamp(),
  PRIMARY KEY (`id`),
  KEY `user_id` (`user_id`),
  KEY `media_type_id` (`media_type_id`),
  CONSTRAINT `media_ibfk_1` FOREIGN KEY (`user_id`) REFERENCES `users` (`id`) ON DELETE CASCADE ON UPDATE CASCADE,
  CONSTRAINT `media_ibfk_2` FOREIGN KEY (`media_type_id`) REFERENCES `media_types` (`id`) ON DELETE SET NULL ON UPDATE CASCADE
) ENGINE=InnoDB AUTO_INCREMENT=101 DEFAULT CHARSET=utf8mb4 COLLATE=utf8mb4_unicode_ci;
/*!40101 SET character_set_client = @saved_cs_client */;

--
-- Dumping data for table `media`
--

LOCK TABLES `media` WRITE;
/*!40000 ALTER TABLE `media` DISABLE KEYS */;
INSERT INTO `media` VALUES (1,1,1,'Natus qui qui eveniet dicta pariatur rerum. Natus laborum voluptate qui fugiat quas distinctio. Rem necessitatibus qui blanditiis labore quis dolor corrupti.','voluptatem',443865,NULL,'1985-03-26 07:36:41','2000-11-07 21:33:48'),(2,2,2,'Aperiam enim sunt ea ut qui perspiciatis. Doloremque omnis molestiae et consequatur dolores sit. Quia voluptas minus dolores harum.','architecto',332964,NULL,'2017-05-29 19:56:52','1996-04-05 23:06:20'),(3,3,3,'Voluptas eius fuga quidem eius eum inventore id. Dolor veritatis sequi sunt atque quas eligendi. Dolor voluptatem illo voluptatem at nam est.','sint',0,NULL,'2004-08-06 12:16:24','2000-09-22 19:54:34'),(4,4,4,'Hic laudantium aperiam sunt maiores totam. Non tempore illo nemo. Accusamus minima quia et eos sapiente doloremque sit qui.','corporis',8,NULL,'2016-01-23 14:30:43','2017-12-11 00:20:59'),(5,5,5,'Nostrum autem illo et ex saepe vitae quod consequatur. Et perferendis ut aut deleniti accusamus. Quae nihil dolore molestiae voluptas labore. Nihil rem temporibus laborum sunt commodi et.','nulla',196883,NULL,'1983-07-24 21:03:26','1989-11-02 06:22:52'),(6,6,6,'Rerum ab et commodi ut reiciendis aut. Repellat dolorum ipsam doloremque exercitationem nam. Sit atque accusantium dolorem vitae rerum sit a.','deleniti',89660421,NULL,'2010-04-20 07:47:22','1995-09-08 03:16:38'),(7,7,7,'Aut in eos sunt nisi magnam doloribus possimus. Delectus ut odio sed ut vitae dignissimos. Nihil officia voluptatibus aperiam laudantium tempora natus et. Quis est reprehenderit porro.','ea',9,NULL,'1997-07-23 00:02:27','1994-06-08 20:04:48'),(8,8,8,'Consequuntur esse aut atque aut at aliquam veniam. Tempora aut facilis et sed esse iusto. Qui perferendis corrupti tempore qui est. Soluta est ut sint ratione beatae id.','consequatur',652,NULL,'1978-06-06 04:05:26','1974-02-21 19:27:12'),(9,9,9,'Provident perferendis pariatur sit eos eaque tempore molestiae nostrum. Consequatur non non quos et eum. Perferendis autem ut voluptas. Et nam consequatur laborum veritatis velit id nihil.','et',429962800,NULL,'2020-07-13 13:29:00','1984-10-24 15:30:54'),(10,10,10,'Eveniet sint non fuga consectetur error vero. Eum dolorem ea veniam error hic eos non. Placeat omnis et unde culpa. Et possimus praesentium modi perferendis.','minima',84,NULL,'2018-05-10 02:26:14','2009-04-14 23:34:50'),(11,11,11,'Et neque voluptas nesciunt sit facere qui. Error odit ut ut ut. Minima voluptatum est aspernatur sapiente dolorum aspernatur.','quia',2339949,NULL,'2016-09-22 12:41:59','2003-08-27 19:54:44'),(12,12,12,'Labore aut magni enim totam distinctio. Omnis nemo quod quod aut.','animi',434,NULL,'2017-09-07 02:26:12','1992-06-28 12:50:31'),(13,13,13,'In recusandae placeat voluptas nemo accusamus nam et. Quis ratione et quia quidem rerum. Accusantium et maiores quam aliquid repudiandae illum illum. Quo placeat minima nesciunt vel.','consequuntur',75346,NULL,'2017-01-06 14:38:42','2007-11-22 17:21:59'),(14,14,14,'Adipisci dolorum enim dignissimos fugiat aperiam. Soluta eos eos voluptatibus voluptas rerum in qui vel. Recusandae quas maxime autem qui itaque. Repellat mollitia sed voluptate est distinctio et facere.','ut',665124,NULL,'2018-07-09 20:11:52','1984-09-04 13:52:39'),(15,15,15,'Sed laboriosam eligendi quibusdam qui vel error. Commodi neque ipsa rerum ratione nesciunt non. Eum nihil corporis ut odit. Nihil et suscipit ea.','veritatis',740,NULL,'2005-01-28 09:25:57','2017-05-17 01:40:47'),(16,16,16,'Tempora sed maiores itaque rem minus nam est voluptas. Doloribus et pariatur nulla autem praesentium temporibus dolorum. Optio ratione ea et et quis officia. Natus officiis consequatur totam minus sit ut debitis. Ut et maiores optio placeat sequi id.','itaque',9,NULL,'1980-11-26 18:11:04','1999-07-03 05:04:55'),(17,17,17,'Autem aut libero exercitationem et. Quasi molestiae dolorum non officia veniam non eligendi. Velit nobis quo voluptates iure omnis.','dolorem',8,NULL,'2013-12-15 05:31:31','2016-07-14 07:24:47'),(18,18,18,'Enim est consequatur similique ratione quibusdam minus accusantium. Voluptatem aut libero possimus excepturi consectetur quae libero. Delectus quia est debitis ut in.','animi',68,NULL,'1970-06-24 08:03:50','1995-12-18 04:02:44'),(19,19,19,'Aut vero est ut dolorum nihil totam dolor. Enim et aut et. In rerum libero sed sequi asperiores consequatur qui porro.','magni',4,NULL,'1975-01-15 07:09:15','1991-03-19 09:18:22'),(20,20,20,'Deserunt sed necessitatibus illum cupiditate. Facilis quo quas provident unde perspiciatis qui et. Atque accusamus ad accusantium magni suscipit numquam. Omnis sed commodi impedit cupiditate ullam.','error',0,NULL,'2004-03-09 08:48:34','1985-06-08 15:18:15'),(21,21,21,'Animi aut eum mollitia et hic nisi. Porro assumenda facilis qui saepe illo deleniti. Asperiores cum officia vel quia mollitia. Repudiandae illo ut aliquam et.','debitis',3886,NULL,'1998-09-25 09:51:24','2002-05-25 03:42:00'),(22,22,22,'Est doloremque facilis aut et deserunt sint quam. Minima perferendis repellendus id officiis dicta eveniet doloremque. Ea omnis sint impedit aliquam est officia. Et architecto cumque nisi.','delectus',3381,NULL,'1979-08-09 18:19:57','2012-08-01 12:06:40'),(23,23,23,'Maxime est aut laudantium aperiam perferendis velit. Voluptatum repellendus ipsam non expedita. Corporis et odit provident. Iste non fuga excepturi eum.','excepturi',9165636,NULL,'1990-08-28 00:31:15','1982-06-20 14:08:09'),(24,24,24,'Eum dolor ea vel nobis. Sapiente dolores voluptatibus et ex. Nulla sequi doloremque reprehenderit repellendus.','placeat',2,NULL,'1979-01-04 20:57:09','2010-04-20 22:36:32'),(25,25,25,'Hic omnis mollitia doloribus. Quae iure est quibusdam odio aut. Harum molestias veritatis sunt amet. Occaecati vero ut voluptatibus modi.','deleniti',19,NULL,'2002-03-23 21:44:10','1996-08-19 14:12:43'),(26,26,26,'Cumque qui voluptatum suscipit corporis. Quasi mollitia voluptates sunt consectetur cumque alias repellendus et. Quo sunt est corrupti voluptatem. Exercitationem sapiente quia omnis.','dolor',20960,NULL,'1992-10-13 08:03:08','1976-08-02 03:19:11'),(27,27,27,'Facere ea molestiae et. Aut sit quidem autem atque.','facilis',0,NULL,'1990-07-13 11:51:37','1994-04-03 02:40:12'),(28,28,28,'Beatae aut et error provident voluptatibus. Debitis ut et ad facere velit et architecto. Nam laborum ratione perferendis aperiam.','est',5401980,NULL,'2009-12-06 05:19:50','2016-01-26 19:39:04'),(29,29,29,'Corrupti rerum consequatur eius impedit qui deleniti in. Molestias optio facere quia quas et et libero. Similique sed voluptatem nostrum vitae facere.','eum',0,NULL,'1974-11-19 16:00:24','1990-02-21 03:17:07'),(30,30,30,'Aut sit in ut cum omnis quasi repellendus. Facere temporibus voluptatum voluptatem dolores. Possimus consequatur aut modi totam.','dolor',8806300,NULL,'2005-06-09 05:51:46','1987-09-05 06:52:06'),(31,31,31,'Voluptate nobis eos iste sunt fuga quidem. Sint voluptatem ab placeat fugiat ea. Aut vel libero et quia quia quod impedit. Repellendus sed earum doloremque est et incidunt.','quisquam',4455,NULL,'2005-02-15 15:31:11','2018-08-26 15:39:25'),(32,32,32,'Id rerum et vel vel vero ea odit. Ab pariatur quis minus eaque. Eum nostrum nemo eos excepturi quo magnam.','omnis',8092,NULL,'1971-05-25 19:54:11','1970-08-16 22:10:59'),(33,33,33,'Et quaerat tenetur deserunt fuga in. Accusantium voluptate voluptas dolorem est. Velit at saepe alias tempore mollitia. Quod nobis error ratione qui nobis quibusdam.','et',0,NULL,'1998-10-29 14:54:00','1976-11-21 02:02:45'),(34,34,34,'Ut impedit illo velit qui quia est. A optio dicta accusantium fuga. Quo omnis totam ut voluptatem tempore ullam.','autem',399,NULL,'2003-11-06 11:48:45','1995-01-02 15:34:06'),(35,35,35,'Soluta consequatur explicabo nulla ipsum accusamus sed. Voluptatibus excepturi illo ut quia dolorem facilis. Quia eum est ut.','reiciendis',25,NULL,'1995-12-31 22:58:43','2013-07-31 03:34:34'),(36,36,36,'Similique qui inventore doloremque. Explicabo sed quos veniam. Ad consequatur laborum reprehenderit blanditiis distinctio. Hic dolor aut temporibus repellat sed.','sint',740018,NULL,'2003-12-01 22:07:55','2000-06-05 22:13:31'),(37,37,37,'Aliquam quos animi est quis necessitatibus omnis. Repellendus debitis eum atque corrupti eos hic. Tenetur cum dolores iure illo earum consequatur alias perferendis. Fuga voluptates magni est occaecati.','distinctio',9,NULL,'1992-01-26 15:23:09','2020-03-22 09:31:22'),(38,38,38,'Officia sit aut et sed officiis. Ut fuga ea sit omnis. Nobis quo amet molestias ea quas nesciunt quia.','dolor',0,NULL,'2019-06-04 07:33:11','2007-06-21 07:56:11'),(39,39,39,'Aspernatur eos mollitia praesentium eos. Illum animi nihil impedit quia dolores. Cupiditate cum aut laudantium reprehenderit.','sed',84,NULL,'1988-01-17 12:34:07','1987-11-10 21:38:26'),(40,40,40,'Est consequatur consequatur qui non quidem aut. Omnis qui molestias aut possimus. Vel et neque ad consequatur blanditiis blanditiis. Nam rerum sit soluta consequatur culpa quas. Cupiditate dolore sint dolore autem.','quibusdam',41,NULL,'1979-09-16 21:33:47','1971-04-08 15:26:42'),(41,41,41,'In eos iusto perferendis mollitia. Qui fugit velit totam soluta sunt suscipit. Explicabo est totam error dolor ex.','a',53176585,NULL,'1990-09-27 13:17:35','1995-08-15 20:40:40'),(42,42,42,'Animi nostrum unde ut officiis dicta. Rerum et dicta eveniet ut distinctio quia quasi. Quo consequatur ut et et eius quas quia.','esse',41626,NULL,'1994-09-14 01:20:53','2019-06-14 14:29:42'),(43,43,43,'Impedit numquam veniam ab adipisci est voluptas officiis. Quis sit consequatur iste veritatis voluptas consequatur. Animi et quis officia laborum consequuntur reprehenderit. Eius dolores reiciendis necessitatibus modi.','magnam',0,NULL,'1978-09-11 21:23:43','1993-01-28 14:43:02'),(44,44,44,'Quis praesentium dolores autem dolore. Repellendus omnis debitis repellendus qui accusamus vel. Officia dolorem dolor quae enim. Voluptatum eum omnis nobis aliquam dolorem hic non.','amet',885,NULL,'2016-11-13 11:15:43','2015-03-10 20:41:15'),(45,45,45,'Dolorem porro architecto earum aut. Ipsa ab eum soluta officia qui alias. Commodi sapiente et aliquam aperiam laudantium ea atque. Ea explicabo ut consectetur qui molestias.','et',0,NULL,'2011-11-28 21:23:06','1977-04-16 10:53:41'),(46,46,46,'Doloribus illum cum tempora eligendi. Voluptate nisi aut illum rerum necessitatibus. Aspernatur cupiditate molestias sit eaque ut.','sint',52836,NULL,'1976-07-17 15:02:07','2009-01-09 10:56:27'),(47,47,47,'Aut libero facilis laborum repellendus. Sunt doloremque non suscipit unde eveniet qui. Voluptatem corporis aut asperiores amet iste nostrum.','eligendi',31,NULL,'1977-05-21 05:41:21','2014-01-15 05:38:29'),(48,48,48,'Reiciendis consequatur quo itaque dolores. Voluptatem est repellat quis. Exercitationem minus aut illo maxime non. Dicta sint consectetur nisi accusantium enim voluptatem aut rerum.','quod',35355,NULL,'1979-07-03 01:27:24','2003-07-02 18:15:44'),(49,49,49,'Illo perferendis consequatur debitis fuga odio. Dolor praesentium omnis ipsum voluptatem blanditiis. Eaque ea porro voluptatem vero culpa totam perspiciatis. Quidem ut aut inventore id.','vel',75022669,NULL,'1983-05-09 01:45:28','1998-12-12 17:32:04'),(50,50,50,'Voluptas hic numquam et facilis explicabo. Inventore dolor consequatur distinctio eos. Ut numquam dicta tempora possimus. Consequatur officia aut unde eum molestiae saepe.','error',65981285,NULL,'1984-02-04 22:22:39','1974-10-19 21:00:06'),(51,51,51,'Qui qui in omnis ut. Optio ipsa distinctio quia ut praesentium. Corrupti et nulla laboriosam temporibus qui. Sunt doloribus eligendi inventore nihil aut beatae error.','nihil',721360,NULL,'1991-04-06 09:43:25','2015-04-24 22:55:49'),(52,52,52,'Magnam eligendi occaecati voluptas velit rerum. Laudantium ut ratione dignissimos dolores deserunt. Quibusdam incidunt nemo tempore. Perspiciatis nam voluptas consequatur perferendis sunt eius.','ipsum',6460,NULL,'1998-01-19 00:28:32','2008-05-04 19:29:34'),(53,53,53,'Voluptatem laboriosam enim molestias et quod harum. Repellat consequatur occaecati nemo autem rem. Et iure ut eveniet non enim. Eos itaque et ipsa eaque sequi.','velit',63,NULL,'2020-10-09 07:48:40','1997-09-07 17:35:11'),(54,54,54,'Autem quis ducimus est est. Est dolorem id harum. Et qui aut occaecati molestiae sed quasi libero. Qui doloremque consequatur ea aut error fugiat.','autem',200866,NULL,'1974-06-25 04:59:36','2010-04-22 22:29:24'),(55,55,55,'Ipsam ea maxime ea explicabo officiis excepturi. Id magni maxime nobis impedit. Et et voluptate odio quia. Eum enim esse numquam ab iusto sint. Qui animi neque at at.','esse',5912,NULL,'1984-01-26 01:41:30','1989-01-17 19:17:26'),(56,56,56,'Voluptatibus voluptatem exercitationem asperiores exercitationem molestias recusandae et. Voluptas fugit reiciendis facere quis. Debitis quos vel inventore qui.','et',335,NULL,'2004-03-03 05:49:20','1979-11-03 16:16:22'),(57,57,57,'Esse dolorum animi sapiente modi natus cum cum. Non facere repudiandae consequatur deleniti quaerat consequatur. Doloribus cupiditate ullam minima repellat voluptatem et rem recusandae.','rerum',7,NULL,'2011-07-15 08:01:11','2000-01-22 13:07:41'),(58,58,58,'Voluptas sit et unde dolor sunt impedit qui. Accusantium cumque fuga vel odio nobis nostrum.','sint',59940147,NULL,'1973-02-17 02:21:42','2008-10-22 12:21:58'),(59,59,59,'Tenetur deleniti fuga numquam voluptatem suscipit necessitatibus. Ut nesciunt eaque voluptas libero repellendus. Voluptatem ut saepe vitae quos sit ullam ut. Delectus perferendis quaerat iusto ad consequatur alias ducimus.','ducimus',18,NULL,'2009-06-01 09:24:24','1999-10-10 23:34:21'),(60,60,60,'Aut quasi et vel impedit. Est et accusantium eos est excepturi. Et ad illo omnis ut facere. Sed itaque rerum quia sed neque.','et',6618,NULL,'2020-05-19 16:48:12','2007-12-11 10:19:05'),(61,61,61,'Fuga ad molestiae aspernatur id. Perferendis illo qui deserunt id aut. Labore accusantium sit dicta molestias qui.','qui',955174,NULL,'1996-03-24 13:56:08','1991-12-23 07:18:02'),(62,62,62,'In eligendi ipsum aperiam in dolor totam quia. Doloribus nihil enim quis qui commodi in. Dolores voluptates ea officia eaque qui quae rem.','perferendis',84106160,NULL,'2019-04-06 00:50:56','1982-07-05 04:44:22'),(63,63,63,'Mollitia tempora iure ratione adipisci doloribus veniam dolores ut. Hic consequatur est dicta ullam. Et nihil autem architecto sequi.','ut',339424300,NULL,'2001-11-10 00:28:46','2012-05-30 08:24:14'),(64,64,64,'Placeat enim ipsa corporis iusto mollitia. Reprehenderit iure ex sit officiis a necessitatibus libero. Rerum perferendis sit neque hic voluptatem doloribus.','quis',608334,NULL,'1993-04-19 09:50:25','2012-03-10 06:45:17'),(65,65,65,'Ipsa quae quod maxime est corrupti asperiores numquam similique. Fuga voluptatem quis ab dolorum libero enim. Soluta vel illum necessitatibus excepturi dolor aliquam tempore quam. Autem earum quia illum non sit qui.','voluptas',5104541,NULL,'1995-02-03 01:39:14','1999-01-07 12:43:40'),(66,66,66,'Aut quia vitae quia quis nam voluptatem doloremque. Voluptatum at ipsum corporis deleniti veritatis. Fuga qui sit quos quia facilis veritatis nobis.','deserunt',8,NULL,'2020-12-27 14:10:38','1983-05-19 12:12:16'),(67,67,67,'Quas hic est et et delectus modi in. Officiis id commodi quas labore est. Ut eligendi qui quia. Ut sit quia nihil ullam sit et. Maxime eius modi et repellendus aut.','assumenda',89342,NULL,'2003-01-13 17:48:09','1980-04-10 08:14:35'),(68,68,68,'Quam qui deserunt iusto cumque ex adipisci perferendis. Perferendis est non qui exercitationem. Esse modi totam quas qui temporibus repellat. Neque officia sit velit nostrum.','animi',8,NULL,'1977-06-21 09:51:34','1985-04-19 14:29:29'),(69,69,69,'Enim corrupti est doloremque quos maiores nihil non. Praesentium rerum aut sit autem voluptas. Maiores ab non nostrum eos. Omnis adipisci perspiciatis sapiente ipsam aut accusamus.','delectus',93916676,NULL,'2016-09-12 07:18:10','1985-01-28 19:19:18'),(70,70,70,'Facilis eius architecto qui dolores. Aut et odio tempore perspiciatis omnis non. Sint facilis sed modi iste vel esse itaque et.','non',57,NULL,'1973-03-15 02:35:20','1996-07-07 08:35:06'),(71,71,71,'Porro harum illo possimus temporibus sed. Quae quibusdam rem voluptatum aut dolores expedita nulla. Occaecati consequuntur fugiat suscipit necessitatibus consequuntur est. Beatae aliquid mollitia eaque omnis doloribus accusantium id.','ut',3032394,NULL,'1975-11-06 06:41:36','1974-10-27 13:04:45'),(72,72,72,'Dolores non sed labore quod. Consequuntur facilis ratione unde. Earum neque iusto nihil sequi deleniti. Alias ad aut est quas.','rerum',6590377,NULL,'2020-08-04 11:15:06','2016-01-13 17:36:21'),(73,73,73,'Unde dignissimos facere qui laborum maxime fugit. Adipisci totam at nostrum ad et et rerum. Minima similique qui quod fugit consequatur.','enim',0,NULL,'1994-08-28 14:47:05','2003-07-31 22:31:39'),(74,74,74,'Numquam libero cum corrupti asperiores delectus repellendus reiciendis. Voluptatem beatae et aut eos quia aut. Esse qui amet pariatur sint deleniti.','magnam',589418,NULL,'2004-02-07 07:00:34','1990-08-28 03:06:48'),(75,75,75,'Doloribus eum eius molestias sit eos. Officia repellat voluptatem fuga totam laborum libero velit. Ea dolor nulla officia incidunt doloremque eum deleniti quod. Quia culpa magni at maxime culpa saepe molestiae. Laudantium in possimus repellendus qui veritatis neque ut.','et',7661,NULL,'2014-01-16 06:24:34','1986-06-19 13:02:33'),(76,76,76,'Reprehenderit reiciendis et et. Aut veniam nobis illum possimus similique. Laborum culpa voluptatum accusamus consequatur nihil. Debitis expedita consequatur non culpa vitae praesentium autem.','maiores',352,NULL,'1980-12-09 13:17:51','2012-08-01 23:48:38'),(77,77,77,'Officiis perferendis exercitationem dolores magnam tenetur ipsa sunt. Est error expedita corporis qui error et nobis autem. Labore repudiandae a ea ex qui eveniet.','sapiente',87,NULL,'2015-12-23 08:43:09','1977-04-10 02:03:26'),(78,78,78,'Unde distinctio qui exercitationem molestiae quo fugit. Ut sit eveniet velit.','aut',3022333,NULL,'2017-04-24 23:42:57','1996-12-09 13:09:40'),(79,79,79,'Voluptas ex officiis sit dolorum est. Et officiis architecto esse tempora praesentium qui atque corporis. Natus qui eum possimus voluptatem eos illum. Cum voluptates eum tempore. Et magnam dicta qui quod.','id',76218,NULL,'2014-01-24 16:29:10','1970-10-22 14:22:21'),(80,80,80,'Sit voluptatibus reprehenderit suscipit qui nihil expedita nobis. Dolore dicta iusto qui odit sunt. Enim velit eos eveniet natus ipsum nobis velit voluptas.','atque',67,NULL,'1979-12-01 03:50:04','2013-02-27 00:02:25'),(81,81,81,'Soluta fuga deleniti animi enim. Earum velit laboriosam accusantium veniam provident officia consequuntur. Illo at quas deleniti ipsam itaque blanditiis sint eos. Est autem unde eaque dolores.','rem',85357763,NULL,'1979-10-09 22:32:19','2012-01-29 20:27:33'),(82,82,82,'Aut perferendis mollitia error debitis ut. Labore impedit est reprehenderit et eum.','quibusdam',947,NULL,'2005-12-21 04:45:34','2012-05-09 19:17:16'),(83,83,83,'Praesentium nihil sed dolorum consequatur ad quasi ut voluptatem. Laborum facilis culpa consequatur maiores optio sint ullam.','velit',281,NULL,'1981-03-09 08:21:42','1989-02-05 22:18:46'),(84,84,84,'Sit sequi et veniam non aliquam sit. Quae rerum pariatur voluptatem. Iure praesentium iure quisquam deleniti dolore nemo. Omnis consequuntur fugit beatae itaque. Accusantium minus corrupti libero quod.','voluptatibus',3,NULL,'2009-11-02 03:47:07','1997-01-22 14:49:55'),(85,85,85,'Adipisci ut id dolores omnis non consequatur. Voluptatem aut repellat ut iure. A veritatis est eos asperiores quaerat in sint maxime. Vel nihil illum minima rerum eaque.','doloremque',7006,NULL,'2003-10-30 20:08:04','2005-04-22 11:38:07'),(86,86,86,'Minus vitae quia qui illo et iure nihil. Consequatur aspernatur aut quia voluptate maiores quo qui.','qui',373509,NULL,'2019-03-26 00:45:42','2003-01-01 07:41:54'),(87,87,87,'Vel error eligendi in minima est. Reprehenderit ut dicta architecto dolorum. Tenetur enim exercitationem placeat quo hic.','sunt',9458305,NULL,'1989-01-23 10:02:59','1987-07-25 23:55:29'),(88,88,88,'Voluptas eaque quas esse est non est. Totam perferendis aut nihil nemo. Quibusdam non quos ut nemo molestiae laboriosam dolorem modi.','voluptatem',9960,NULL,'1983-10-04 06:58:50','1980-01-17 18:31:40'),(89,89,89,'Quidem maxime adipisci officiis voluptas architecto. Fuga corporis et atque voluptatem est error.','similique',5206,NULL,'1983-06-27 14:59:04','2007-08-03 21:20:46'),(90,90,90,'Doloribus provident sint corporis. Officiis quas mollitia et facilis vel. Dolore cumque earum error vero qui voluptatibus consequatur harum.','quia',17,NULL,'2003-01-19 01:56:18','1999-12-08 11:56:42'),(91,91,91,'Et quibusdam autem blanditiis alias esse totam quia. Sed et debitis aut dolore eos et. Non voluptates odio doloribus officiis id velit.','reiciendis',67515288,NULL,'2002-10-06 00:26:31','1984-05-09 01:49:39'),(92,92,92,'Odio voluptatum ducimus laboriosam ut similique similique aut. Sed numquam fuga id eos. Accusantium nemo facere veritatis laborum impedit. Ut dolorem molestiae quia architecto libero.','quidem',0,NULL,'2014-12-19 08:29:56','2005-08-30 07:16:54'),(93,93,93,'Et dolor quia qui quia quia est commodi. Rerum recusandae occaecati possimus mollitia nesciunt facilis. Eos quod aliquam iste neque repudiandae. Nulla occaecati dicta dignissimos dolor. Dolor quod modi voluptas nisi.','ab',58881740,NULL,'1976-12-17 05:51:53','1970-11-10 14:19:25'),(94,94,94,'Eius placeat in necessitatibus quam sit laboriosam enim. Dolorem error consectetur impedit officia numquam ducimus quia. Id repellat voluptatem aut aut sit rerum. Assumenda sunt non numquam debitis nulla alias natus.','suscipit',808855,NULL,'2012-02-26 20:09:34','2002-06-24 18:02:12'),(95,95,95,'Laudantium excepturi quisquam corrupti ducimus aliquam dignissimos. Eaque asperiores est neque vel vitae dignissimos. Praesentium possimus et architecto dolores sapiente nihil dolor. Autem iusto est eaque rem eveniet vitae.','sequi',0,NULL,'2003-02-04 15:03:58','2014-12-30 12:20:27'),(96,96,96,'Maxime sunt omnis sunt quia. Ipsam occaecati dolores eius porro facere ex. Facere odio quis nam et numquam. Ea modi sint distinctio culpa consequatur.','ut',92435,NULL,'1984-04-22 07:45:02','1974-05-22 21:09:44'),(97,97,97,'Veritatis in placeat aliquid nostrum. Enim ipsa voluptatem molestiae consectetur. Qui voluptatem culpa iure doloribus fugiat aliquid. Aut qui qui quia et.','aut',70492965,NULL,'1995-01-04 23:55:43','1984-12-02 13:41:39'),(98,98,98,'Quaerat inventore nihil modi recusandae repellat sed reprehenderit. Eum error voluptatem a voluptas facilis ea et laboriosam. Ut qui aut pariatur fugiat. Nobis impedit quam exercitationem consectetur et.','et',0,NULL,'1985-01-27 05:23:53','2018-07-16 21:13:06'),(99,99,99,'Velit cupiditate harum qui. Ut nostrum alias et voluptatem et. Sequi sapiente repudiandae ut aut possimus amet.','laudantium',0,NULL,'1977-03-29 09:51:40','1996-06-26 03:55:31'),(100,100,100,'Corporis incidunt est eveniet quia harum. Quidem iure beatae deserunt sint at. A dolorem temporibus sequi nihil. A itaque saepe sint omnis.','ducimus',75,NULL,'2000-06-18 11:04:41','2010-05-01 22:28:24');
/*!40000 ALTER TABLE `media` ENABLE KEYS */;
UNLOCK TABLES;

--
-- Table structure for table `media_types`
--

DROP TABLE IF EXISTS `media_types`;
/*!40101 SET @saved_cs_client     = @@character_set_client */;
/*!40101 SET character_set_client = utf8 */;
CREATE TABLE `media_types` (
  `id` bigint(20) unsigned NOT NULL AUTO_INCREMENT,
  `name` varchar(255) COLLATE utf8mb4_unicode_ci DEFAULT NULL,
  `created_at` datetime DEFAULT current_timestamp(),
  `updated_at` datetime DEFAULT current_timestamp() ON UPDATE current_timestamp(),
  PRIMARY KEY (`id`)
) ENGINE=InnoDB AUTO_INCREMENT=101 DEFAULT CHARSET=utf8mb4 COLLATE=utf8mb4_unicode_ci;
/*!40101 SET character_set_client = @saved_cs_client */;

--
-- Dumping data for table `media_types`
--

LOCK TABLES `media_types` WRITE;
/*!40000 ALTER TABLE `media_types` DISABLE KEYS */;
INSERT INTO `media_types` VALUES (1,'maiores','2016-11-20 07:30:58','1997-07-25 22:01:13'),(2,'debitis','1978-01-02 21:55:36','2011-08-17 14:38:54'),(3,'ducimus','1995-04-08 15:01:09','2019-03-25 02:12:05'),(4,'et','1970-09-16 23:32:27','2017-12-30 08:37:49'),(5,'sed','1983-12-23 01:37:03','2000-06-14 15:11:16'),(6,'corporis','2007-01-10 20:55:27','1988-08-10 11:59:03'),(7,'amet','1974-03-14 03:40:48','2015-11-22 11:09:23'),(8,'sapiente','2003-12-05 15:52:21','1983-08-06 03:47:48'),(9,'voluptatem','2019-02-04 15:26:44','1980-04-11 23:54:42'),(10,'in','2003-08-27 04:33:49','1970-06-22 06:37:06'),(11,'labore','1976-12-23 10:35:16','1989-08-26 07:05:49'),(12,'corporis','1978-10-02 12:54:57','1993-12-17 00:16:56'),(13,'nulla','2001-05-08 03:06:34','2005-01-26 16:06:33'),(14,'ducimus','1988-08-20 17:45:49','1983-04-26 22:14:49'),(15,'non','1998-05-12 15:04:00','2011-09-11 18:19:06'),(16,'ad','1995-02-15 22:58:40','2013-03-29 01:56:51'),(17,'aliquam','1973-09-01 21:00:12','1992-11-22 00:39:34'),(18,'ut','2003-11-03 07:22:36','2016-02-13 16:12:06'),(19,'architecto','2011-09-23 15:38:36','2007-11-17 17:03:21'),(20,'libero','1987-01-08 00:09:03','1975-09-10 22:38:12'),(21,'occaecati','1986-06-14 07:31:02','1980-11-07 12:39:57'),(22,'laboriosam','2006-04-25 10:00:40','1995-12-30 17:45:01'),(23,'eaque','1977-04-05 22:13:02','1981-05-14 08:13:23'),(24,'et','2015-09-15 22:21:36','1988-06-27 03:59:33'),(25,'doloremque','1985-07-02 00:28:46','1977-03-11 08:10:27'),(26,'qui','1989-02-24 03:55:19','1992-02-10 15:09:44'),(27,'et','1974-04-24 06:48:06','1998-04-25 17:03:10'),(28,'fuga','1981-03-07 05:04:09','1978-09-22 05:56:29'),(29,'aut','1977-04-05 11:14:14','1985-04-13 05:27:08'),(30,'quod','2018-10-28 23:37:50','1988-04-03 01:30:20'),(31,'aut','1986-12-06 22:03:40','1982-04-22 17:36:46'),(32,'totam','1984-02-19 02:52:47','1996-04-11 22:07:22'),(33,'nisi','2002-12-04 04:30:41','1972-08-25 18:39:00'),(34,'autem','1998-10-16 16:57:46','2001-01-24 21:07:42'),(35,'maiores','1992-04-19 01:11:39','1986-11-21 18:08:42'),(36,'et','1975-11-27 19:44:03','2005-03-13 09:53:14'),(37,'sit','1979-08-19 16:16:12','1980-07-28 07:01:16'),(38,'culpa','1978-11-11 22:51:24','1999-12-25 09:06:50'),(39,'aut','2014-04-11 04:36:50','2017-05-01 09:08:36'),(40,'accusamus','1983-07-04 21:43:08','1987-10-26 20:59:43'),(41,'dolores','2002-12-31 07:28:59','2007-06-26 05:09:49'),(42,'sed','1979-01-14 21:13:26','1995-09-15 09:11:52'),(43,'eaque','2011-08-07 10:24:28','1988-08-07 06:55:15'),(44,'ipsum','2000-01-15 15:41:25','2001-07-09 22:14:15'),(45,'porro','1974-10-14 11:53:30','2012-03-21 19:16:39'),(46,'adipisci','1987-11-15 13:21:13','2010-05-05 09:22:36'),(47,'fugiat','1973-06-16 08:16:43','2011-02-03 16:08:57'),(48,'minus','2014-09-21 15:16:08','1987-01-31 21:48:54'),(49,'dolores','1987-03-23 19:45:59','1988-12-10 17:32:20'),(50,'tempore','2007-01-05 04:34:38','1985-03-03 08:33:30'),(51,'iste','1998-01-27 14:07:16','1993-07-19 04:04:21'),(52,'beatae','1999-02-02 09:02:43','1999-06-09 10:25:16'),(53,'minima','1988-04-21 09:47:16','2000-06-23 21:55:48'),(54,'dolorem','1995-07-29 21:38:56','2003-01-04 16:17:28'),(55,'reprehenderit','1980-10-22 19:03:53','2004-05-31 16:52:31'),(56,'sit','1995-07-19 11:39:13','1971-07-06 11:52:08'),(57,'qui','2004-07-08 13:57:21','1996-05-08 15:26:30'),(58,'rem','1997-11-28 20:16:34','2005-05-10 07:49:23'),(59,'laudantium','1983-07-21 08:21:20','2016-08-18 09:14:04'),(60,'laudantium','2014-01-31 01:14:37','1997-05-24 14:43:42'),(61,'cum','2012-03-04 00:01:32','2002-06-21 14:47:43'),(62,'occaecati','2017-06-29 15:17:56','1994-04-22 02:03:47'),(63,'vel','2018-07-05 00:23:11','1971-06-22 07:39:20'),(64,'eius','2004-05-11 15:29:07','1979-07-25 21:27:50'),(65,'quasi','1973-11-16 16:21:18','2004-11-16 02:52:54'),(66,'libero','2010-11-01 09:09:17','2019-06-03 12:56:32'),(67,'doloremque','1982-04-24 00:49:50','1988-09-07 21:19:35'),(68,'sed','1971-10-20 21:43:22','2002-02-08 18:55:25'),(69,'minima','2011-02-24 00:46:44','2021-02-09 22:19:32'),(70,'maxime','1970-09-14 00:28:53','1979-05-30 19:17:10'),(71,'molestias','1993-07-27 09:27:43','2020-07-01 22:29:41'),(72,'earum','1972-10-15 03:15:47','2014-04-24 10:58:54'),(73,'quibusdam','1990-02-13 17:36:47','1972-10-28 17:27:16'),(74,'voluptatem','2013-02-13 00:27:59','1997-09-14 01:40:19'),(75,'quia','1997-10-05 03:30:11','1984-11-12 12:59:52'),(76,'qui','1975-04-04 02:02:02','1976-09-15 12:33:47'),(77,'quasi','1974-05-07 10:35:22','2017-12-04 19:37:59'),(78,'velit','2001-04-21 08:15:23','1970-07-09 12:52:23'),(79,'ea','1977-08-28 10:02:17','2016-03-15 01:47:52'),(80,'est','2003-09-11 19:56:13','1992-06-20 21:37:43'),(81,'rerum','1996-05-23 22:36:47','1996-02-21 00:54:22'),(82,'officiis','2017-03-21 19:39:10','1976-03-27 04:21:36'),(83,'est','1970-05-11 08:38:24','1987-04-27 13:07:03'),(84,'non','1970-06-25 04:48:33','1981-01-23 20:11:36'),(85,'neque','2007-12-31 09:17:50','1985-10-05 14:57:56'),(86,'et','1996-03-23 21:46:37','1972-05-19 16:22:21'),(87,'sit','2000-03-10 12:41:55','2017-11-27 18:12:33'),(88,'repellat','1976-10-03 13:37:21','1995-03-15 20:21:43'),(89,'dolor','1995-08-04 02:54:33','2021-02-10 09:32:50'),(90,'id','1990-04-12 08:15:25','2003-04-14 14:31:27'),(91,'voluptatum','2007-12-29 18:58:51','2002-04-21 23:15:35'),(92,'dicta','1971-07-18 18:35:39','2002-06-12 09:31:41'),(93,'id','2018-03-16 09:52:08','1975-10-23 16:23:40'),(94,'ut','1971-08-30 15:13:38','1979-12-10 19:38:11'),(95,'et','1986-11-26 14:43:16','2017-08-25 03:01:29'),(96,'praesentium','2016-10-08 00:22:37','1981-05-19 07:42:48'),(97,'qui','1990-12-28 14:40:46','2001-07-28 04:55:26'),(98,'non','2011-04-18 16:15:35','2016-04-22 04:32:49'),(99,'rerum','2014-09-09 15:48:34','2005-12-06 18:53:26'),(100,'deleniti','1979-12-05 06:24:14','1999-05-06 14:17:16');
/*!40000 ALTER TABLE `media_types` ENABLE KEYS */;
UNLOCK TABLES;

--
-- Table structure for table `messages`
--

DROP TABLE IF EXISTS `messages`;
/*!40101 SET @saved_cs_client     = @@character_set_client */;
/*!40101 SET character_set_client = utf8 */;
CREATE TABLE `messages` (
  `id` bigint(20) unsigned NOT NULL AUTO_INCREMENT,
  `from_user_id` bigint(20) unsigned NOT NULL,
  `to_user_id` bigint(20) unsigned NOT NULL,
  `body` text COLLATE utf8mb4_unicode_ci DEFAULT NULL,
  `created_at` datetime DEFAULT current_timestamp(),
  PRIMARY KEY (`id`),
  KEY `from_user_id` (`from_user_id`),
  KEY `to_user_id` (`to_user_id`),
  CONSTRAINT `messages_ibfk_1` FOREIGN KEY (`from_user_id`) REFERENCES `users` (`id`) ON DELETE CASCADE ON UPDATE CASCADE,
  CONSTRAINT `messages_ibfk_2` FOREIGN KEY (`to_user_id`) REFERENCES `users` (`id`) ON DELETE CASCADE ON UPDATE CASCADE
) ENGINE=InnoDB AUTO_INCREMENT=101 DEFAULT CHARSET=utf8mb4 COLLATE=utf8mb4_unicode_ci;
/*!40101 SET character_set_client = @saved_cs_client */;

--
-- Dumping data for table `messages`
--

LOCK TABLES `messages` WRITE;
/*!40000 ALTER TABLE `messages` DISABLE KEYS */;
INSERT INTO `messages` VALUES (1,1,1,'Beatae aut aliquid voluptatem possimus. Officia tempora inventore sed similique. Omnis tenetur quibusdam reprehenderit nisi sit labore facere.','2015-10-06 04:19:42'),(2,2,2,'Placeat a non optio consequuntur rerum. Nulla provident sit est qui sunt. Est saepe esse consequuntur facere aliquam voluptatem voluptatem. Beatae aut excepturi ut illo molestiae.','2003-11-07 10:05:08'),(3,3,3,'Hic ea ab quo enim illo. Molestias provident maiores officia velit. Unde cumque molestiae sint.','2016-06-10 19:43:47'),(4,4,4,'Sapiente magni tenetur modi voluptas. Beatae alias rem pariatur laboriosam similique et ut. Quas perferendis perspiciatis dolor libero facere.','1994-09-09 08:48:23'),(5,5,5,'Expedita vel repellat atque enim. Quo qui ipsam vel vel. Nam tempore odio soluta omnis.','2006-03-13 14:58:13'),(6,6,6,'Quaerat atque quos atque voluptatem iste. Asperiores et earum suscipit error. Illo quaerat laudantium occaecati qui. Aut qui rem possimus consequatur tenetur libero.','1973-06-07 01:38:27'),(7,7,7,'Voluptatem eum velit et similique quod est. Beatae omnis quisquam assumenda ipsam illo inventore. Ut modi nihil sed autem.','1987-11-12 16:00:46'),(8,8,8,'Vero non necessitatibus quis odio quia in est totam. Rerum eos ipsum numquam reiciendis nemo. Dolorem error corrupti id beatae cupiditate recusandae perspiciatis. Quas necessitatibus non accusamus fugiat molestiae.','1975-02-26 11:52:08'),(9,9,9,'Quibusdam amet numquam nihil aliquam maxime quis. Odio ea esse velit dolorum alias repellat culpa ratione. Ut corrupti numquam ad totam nisi voluptatem. Ea aut omnis nostrum.','1976-07-18 21:27:17'),(10,10,10,'Aperiam cupiditate odit beatae ad corrupti non. Dolore sed aspernatur rem voluptates sunt occaecati et.','2008-02-18 06:19:40'),(11,11,11,'Expedita sed voluptatem qui ut consectetur ex deleniti omnis. Iste alias aut iusto.','1973-10-22 01:51:05'),(12,12,12,'Qui suscipit vel sed delectus. Commodi eum consectetur minus veritatis ad. Rerum nihil molestiae odit maxime rerum. Impedit modi vel quis ipsum.','1978-01-05 23:54:22'),(13,13,13,'Sed in numquam voluptatem perferendis fugit autem deserunt. Doloremque error aliquam fugit iste dolorem voluptatem quibusdam. Asperiores ipsam sunt dolore ut quidem. Molestiae soluta officia nesciunt minus commodi sit.','2014-10-25 06:08:15'),(14,14,14,'Sunt itaque doloribus sequi aspernatur. Exercitationem officia sint voluptatem nihil consectetur quia.','1981-10-31 13:08:58'),(15,15,15,'Quis asperiores corrupti fuga sit. Numquam beatae sunt libero sed dolores. Veritatis qui excepturi dignissimos eius consequuntur.','1995-12-09 02:41:20'),(16,16,16,'Amet tenetur est voluptatem aut natus vero tenetur iste. Fuga nostrum est necessitatibus non aliquam. Aspernatur officia ipsa reprehenderit reprehenderit. Soluta est eum voluptas voluptas voluptas soluta ratione.','2000-07-07 12:09:14'),(17,17,17,'Neque ut sint beatae. In reiciendis ut nobis ipsa animi. Quia veritatis consequatur ex sequi culpa sint.','2016-09-05 18:42:50'),(18,18,18,'Vitae eligendi recusandae unde dolore. Consequatur qui ducimus quia. Reiciendis perferendis excepturi dolor fuga doloremque. Fugit incidunt omnis sed est perspiciatis.','1987-09-01 22:26:23'),(19,19,19,'Ducimus doloribus omnis sed nisi ducimus. In et consequuntur qui incidunt nulla non autem. Autem fugiat reprehenderit eius vel aut incidunt. Itaque doloremque repellendus eligendi est dolore.','2019-12-14 05:34:42'),(20,20,20,'Vel dignissimos et quasi similique vel. Expedita voluptatibus id autem debitis sint qui qui laudantium. Delectus aut dolore quaerat doloremque.','2007-09-25 04:49:39'),(21,21,21,'Ad tenetur necessitatibus tempore architecto eum. Dolore nihil amet officiis debitis nesciunt dolores. Qui placeat optio fugit et dolorem.','2000-07-12 15:16:52'),(22,22,22,'Aliquid debitis iusto architecto unde ullam. Et molestiae recusandae maxime et illum quasi placeat. Magni itaque ea fugiat labore et quisquam eos. Soluta ut aut dolore quam dolores.','2001-05-30 03:22:19'),(23,23,23,'Provident minima aut et culpa. Et enim eos laborum illum nisi sit. Magnam laboriosam laborum corporis accusamus inventore. Libero quam ut autem quasi. Rem laboriosam labore eos voluptate atque ab tempore.','2005-10-14 13:18:28'),(24,24,24,'Id pariatur sed et unde voluptatum harum laboriosam velit. Quia eius aliquid facere eveniet repellendus sit occaecati.','1997-11-14 10:44:28'),(25,25,25,'Doloremque ullam et mollitia et rerum accusantium ullam. Ullam blanditiis maiores aut sed sit. Corporis et repellendus est vel. Beatae ullam rerum iusto aut sit ut illum animi.','1974-12-21 21:36:39'),(26,26,26,'Voluptatem suscipit occaecati delectus consequatur amet non nisi. Sed et saepe enim adipisci minus. Et vitae asperiores qui et libero recusandae corporis.','2016-12-15 02:14:19'),(27,27,27,'Sint velit repellendus id quis. Repudiandae eius in ullam quidem. Qui fugit non doloremque sunt omnis porro assumenda. Similique modi illum explicabo nihil.','2000-03-31 17:53:50'),(28,28,28,'Labore ut eum aut molestiae. Illum fugit rerum ipsum facere quia qui ea et. Itaque voluptatem impedit qui neque veritatis et non ut.','1978-08-14 17:47:56'),(29,29,29,'Id debitis neque officiis quam libero eius. Reprehenderit occaecati voluptatibus iure veniam qui voluptate. Ut officia earum temporibus earum.','1998-04-18 03:22:09'),(30,30,30,'Iusto vel aut id facilis. Corporis quaerat ea debitis sint repellat. Non quia ratione enim culpa et. Eum aut et quibusdam asperiores.','1986-12-29 01:38:21'),(31,31,31,'Voluptatibus voluptatem quas vero dignissimos expedita inventore velit. Sit omnis sit voluptatem recusandae aut deserunt. Qui occaecati eos ipsam veniam nemo dolores rem.','2012-01-24 10:31:50'),(32,32,32,'Voluptatem voluptatibus id repudiandae quisquam. Nemo aliquam quia qui consequatur. Sed est officia eos porro et qui.','2008-12-06 08:56:56'),(33,33,33,'Aut error architecto et. Qui enim incidunt laudantium. Consequatur qui et aperiam culpa illum. Nam error tempora hic a beatae explicabo ex.','2006-12-02 10:25:48'),(34,34,34,'Praesentium et explicabo et consectetur vero eos. Labore maiores est dolor voluptatem qui.','2012-05-02 10:14:19'),(35,35,35,'Cumque voluptate doloribus nemo cum et error harum ad. Rerum cumque alias aliquam fugit qui. Est repellat odio ad est ut.','1995-05-22 01:21:52'),(36,36,36,'Aut eum temporibus tempore non. Voluptatem tenetur facere aut laboriosam.','1987-12-13 00:07:28'),(37,37,37,'Inventore laudantium voluptate laboriosam earum odit minus. Impedit quibusdam eveniet eveniet qui corporis enim delectus non. Consequuntur ut qui optio laudantium.','1986-07-31 14:53:10'),(38,38,38,'Quia quibusdam minima magnam voluptas delectus quis distinctio. Consectetur labore voluptatem illum vitae laboriosam eum rem reiciendis. Voluptas cum rerum voluptatibus aspernatur officiis. Neque ea quod perferendis molestias error.','2012-10-23 23:25:09'),(39,39,39,'Et alias cum quis doloribus. Maxime sed tempora aliquid quae eveniet rerum quia.','1981-09-18 12:41:49'),(40,40,40,'Et inventore hic aut dignissimos nobis. In ratione nihil sed modi ea sed doloribus. Porro corporis voluptas porro doloribus rerum voluptatibus. Assumenda id necessitatibus ut quam nihil.','1986-08-31 10:23:01'),(41,41,41,'Perspiciatis suscipit placeat iusto ex. Nostrum veniam et qui dolor hic minima tempora. Quod rerum quod reiciendis ratione.','1977-06-03 23:37:57'),(42,42,42,'Rerum sapiente officia rerum nihil. Voluptatibus quia enim quasi modi et eveniet unde. Qui sint consectetur officia facilis voluptatum aliquam delectus. Minima omnis nam rerum molestiae ut sunt voluptates rerum. Accusamus repudiandae accusantium voluptatem velit quibusdam aut.','1983-05-07 22:37:37'),(43,43,43,'Et sed amet et dolor vel et perferendis. Assumenda minus ut et et nulla amet. Nesciunt magnam delectus omnis exercitationem.','1987-10-21 21:15:47'),(44,44,44,'Repellat similique dolor dignissimos voluptate quia aperiam quis. Dolor vel in rerum voluptas quos et ratione. Ut a numquam aut sed est accusantium cumque.','1981-08-15 12:29:33'),(45,45,45,'Ut nobis et est ducimus rerum expedita reprehenderit. Est hic ut id est molestias omnis facilis sequi. Voluptas temporibus quia quo.','1973-07-27 14:54:10'),(46,46,46,'Ea placeat non illo ut neque asperiores. Illum omnis eos quaerat facere debitis facilis et. Dolores hic est animi blanditiis quisquam unde sapiente. Praesentium et non optio exercitationem amet.','2009-04-24 11:23:48'),(47,47,47,'Eligendi cumque dolor saepe dolores eum. Excepturi tempora odio qui. Et molestiae id iste qui id sint.','2017-06-17 17:17:41'),(48,48,48,'Molestiae nemo debitis odio. Accusantium expedita laborum adipisci id veritatis voluptate. Autem facilis praesentium qui impedit ipsa.','2008-12-13 18:19:01'),(49,49,49,'Eos ut omnis rem ut pariatur. Ipsa ex qui natus facere et. Quaerat itaque architecto mollitia non.','1974-06-23 00:21:37'),(50,50,50,'Et et laudantium ad. Illum id ut laborum. Vel dolores voluptate nihil consequatur iure. Ut non quia tenetur est dolorem vel qui rerum.','1992-02-17 08:28:25'),(51,51,51,'Excepturi nesciunt voluptate quia distinctio est numquam minima. Ut ut similique quibusdam ratione. Quas quos nisi qui necessitatibus enim. Nihil necessitatibus distinctio sint ipsa error optio animi quasi.','1971-05-19 18:40:36'),(52,52,52,'Mollitia porro voluptatum magni libero. Ad doloribus officiis ut similique aut et architecto. Veritatis ex dignissimos ex repellat. Repellendus earum doloremque mollitia dolor qui aut assumenda corrupti.','1975-09-23 08:58:51'),(53,53,53,'Voluptates fugiat commodi sunt et laboriosam. Et cumque hic qui aut. Aut maxime dolore quos quo.','1981-06-05 14:32:00'),(54,54,54,'Voluptatum animi ea amet porro ut exercitationem. Sed aperiam cum consectetur dolorem enim aut. Suscipit sint nobis laudantium dolores quam quo.','2000-04-07 18:50:55'),(55,55,55,'Modi odit aut animi accusamus. Illo iste exercitationem fugit distinctio. Quaerat aut illo sit sed et quo.','2012-11-13 11:46:52'),(56,56,56,'Et ut sunt aut. Sed odio unde facere doloribus. Sunt nihil eum sint aliquam.','2008-08-31 05:21:55'),(57,57,57,'Dolores officia quis inventore rerum dolorum. Est aut ea cupiditate quisquam officiis atque molestiae. Ab saepe eum harum alias eligendi minima ipsam.','2005-07-08 16:35:44'),(58,58,58,'Unde facilis aut architecto distinctio et. Natus libero culpa dolorem ipsum sunt dicta excepturi. Corrupti saepe sint molestiae fugiat tempora alias nesciunt aperiam.','1972-12-25 01:39:38'),(59,59,59,'Ullam vel quasi dolor ut atque velit accusamus. Delectus eos pariatur est rerum eum laborum quisquam. Aut ratione magnam aut quaerat et quisquam omnis. Dolorem voluptatem sint adipisci et cumque.','1978-05-07 09:08:36'),(60,60,60,'Itaque quibusdam dicta aperiam eos quia maxime suscipit. Autem quam aperiam id dolorum vel. Recusandae aut et laboriosam quasi repellendus et omnis.','1989-07-06 15:27:06'),(61,61,61,'Autem fugit rerum in illum. Iure quasi doloribus architecto consectetur nisi quidem. Et aut vel sapiente inventore eaque nobis est quia. Quod esse quia dignissimos quo qui qui qui.','1980-05-10 06:11:42'),(62,62,62,'Cumque reiciendis ratione debitis aut. Nostrum id repellat dignissimos voluptatem sunt et. Molestiae a recusandae quos incidunt sapiente fugiat iste. Labore alias eius nisi esse dolorem ea tempora.','1991-12-12 14:27:50'),(63,63,63,'Saepe quod quis laboriosam saepe. Ut doloribus voluptatum repellat delectus consequuntur enim. Sed quidem eos non officiis aliquid. Vero in similique et aut.','2020-03-22 01:30:32'),(64,64,64,'Praesentium repudiandae nihil aperiam doloremque molestias odio. Placeat repellat et ut libero quia suscipit dolor soluta. Autem quos praesentium dolore nihil. Et nostrum corporis id doloremque asperiores commodi quod.','1987-04-01 18:38:21'),(65,65,65,'Ex autem perspiciatis quia omnis eos qui et tenetur. Quaerat et velit aliquid ipsa numquam repellendus temporibus cumque. Id inventore consequuntur odit.','2008-02-11 01:53:46'),(66,66,66,'Quam dolores dolor esse in. Blanditiis autem autem sint corporis eligendi nam et. Et necessitatibus voluptatibus maiores molestiae numquam. Officia suscipit repellendus sint et tempore laboriosam aut.','1972-07-23 20:47:54'),(67,67,67,'Et a fugiat fugit vero ut sequi. Est consequuntur voluptatem ad. Quia qui et nesciunt aut quia. Deserunt aut incidunt reiciendis sint cupiditate quam.','1990-12-21 15:17:03'),(68,68,68,'Debitis impedit temporibus explicabo incidunt porro. Quidem qui aut repellendus ab eveniet. Similique rerum dolores autem placeat.','1985-06-30 04:28:44'),(69,69,69,'Voluptatem autem doloremque pariatur. Tenetur deleniti doloribus corporis minima.','2001-07-14 10:35:41'),(70,70,70,'Rerum pariatur quia rerum odio aliquam. Enim et doloribus architecto et consequatur expedita nihil. Quia quos ea nemo adipisci. Voluptatem voluptatem doloribus nihil quae. Laudantium aut molestias libero eligendi tempora minima eius.','2011-11-29 23:39:45'),(71,71,71,'Et sequi quam dolores minima et sed repellat. Voluptas quas sed quaerat est eligendi et. Animi autem excepturi eligendi eaque.','1996-09-09 07:13:40'),(72,72,72,'Quam illo excepturi dolorum delectus accusantium illum ipsam. Sit dolor sed autem quasi nisi sit quaerat. Accusantium laboriosam quam qui est nulla eligendi ducimus. Officia tenetur cumque itaque eum qui animi.','1987-05-03 02:43:27'),(73,73,73,'Quis vel ex suscipit ipsum qui voluptatem eligendi. Ex necessitatibus dolor veniam nulla quam error id. Aspernatur reprehenderit ut sit distinctio sint corrupti amet.','2016-04-04 16:35:00'),(74,74,74,'Dignissimos repellat repudiandae incidunt molestias. Harum sed debitis nemo magnam. Mollitia voluptatem a consequatur ut ducimus.','1973-10-15 17:48:03'),(75,75,75,'Voluptas nisi et saepe autem laboriosam odit. Consequatur quia animi nulla rerum quaerat. Aliquid fugit vel et ipsa voluptate ipsum recusandae.','2007-03-19 05:43:22'),(76,76,76,'Ex aliquam et sit. Quod optio quae explicabo consequatur. Et nihil ut hic et.','2010-11-08 08:29:27'),(77,77,77,'Ipsa ex id a saepe. Corporis pariatur iste explicabo placeat. Aperiam vel qui dignissimos inventore est delectus veniam sunt. Aut illum fugiat consequatur earum odit.','1997-03-07 06:54:40'),(78,78,78,'Fugit non animi qui voluptatem consequatur et. Unde suscipit esse accusantium.','1993-03-08 11:20:39'),(79,79,79,'Nesciunt ducimus reiciendis placeat eos. Est perspiciatis doloribus debitis omnis incidunt similique velit. Eligendi unde ad a odit voluptate. Pariatur rerum dicta quibusdam iste est.','2005-03-08 08:17:04'),(80,80,80,'Quia placeat excepturi animi deleniti corrupti magni. Enim eveniet dignissimos rerum qui. Dolorem dolor ad similique sit cupiditate unde. Nesciunt ducimus voluptatibus eaque commodi dolore corporis tempore.','1980-09-27 19:08:07'),(81,81,81,'Inventore tempora voluptates iste consequuntur. Aut quia eos optio necessitatibus nemo alias. Ullam sit modi saepe quos voluptas.','2004-07-23 18:38:56'),(82,82,82,'Qui officia nostrum molestias. Aliquid similique consequatur voluptatibus officiis nostrum et omnis. Explicabo magni sed quae laudantium alias. Rerum error porro magnam nihil.','1986-08-31 18:34:16'),(83,83,83,'Illo consectetur deserunt quos corporis et quod. Delectus qui et quis in dolor velit. Omnis veniam distinctio in dicta nobis.','2002-01-06 12:05:07'),(84,84,84,'Modi aut repellat occaecati itaque sunt. Ducimus optio deserunt et unde excepturi eius. Aut nihil minima sapiente autem sint rem vitae. Et blanditiis quam dolores sequi aliquam sit accusantium eaque.','2015-06-20 06:23:04'),(85,85,85,'Sapiente voluptates velit numquam provident officia soluta. Inventore ipsa deserunt voluptatibus quia voluptas. Reprehenderit vitae ad dolores ut ea voluptatem ullam sit.','1991-04-29 05:08:02'),(86,86,86,'Eos sunt voluptas molestiae aliquid tenetur sed. Debitis cumque consequatur rerum impedit nisi. Impedit sint rerum maiores ea non at velit et. Omnis repellat dolor impedit architecto accusantium ratione.','2011-10-27 10:53:18'),(87,87,87,'Magnam sit aut cupiditate ut. Laboriosam assumenda et eaque voluptate hic hic. Ab in aut qui sunt facilis atque quo.','1988-02-14 00:41:22'),(88,88,88,'Quaerat facilis architecto quo dolores perspiciatis inventore autem. Est quo sunt iusto et voluptatum. Rerum reiciendis error magnam quam dolore sit eligendi. Provident deleniti nisi eveniet.','1975-06-21 02:03:44'),(89,89,89,'Itaque dolores labore nisi a tempora laboriosam. Quos ut voluptatibus quae voluptas enim. Similique qui quas dolorum minus tempora.','1993-07-02 01:39:41'),(90,90,90,'Ad ex dolores quo rem illo. Aut error eos molestiae blanditiis. Cum veniam sit autem consequatur ut qui. Facere placeat amet sunt ut ut. Earum amet repellat praesentium nisi quia ea necessitatibus.','2002-01-08 17:23:59'),(91,91,91,'Quibusdam debitis asperiores nobis magnam nulla qui molestiae. Blanditiis rerum omnis molestiae maxime ut fuga consequatur modi.','1982-01-18 07:07:28'),(92,92,92,'Sunt assumenda qui sequi ut cum animi. Est impedit quis quia. Aut optio temporibus est perferendis non enim. Qui est ratione iusto incidunt deleniti consequatur nam. Sint unde tempore a sed.','2008-09-25 19:35:56'),(93,93,93,'Quisquam quo sit molestiae optio facere tenetur aliquam. Voluptatem voluptatem illum distinctio non nesciunt ea non. Qui odit odit odit optio dolorum.','1973-08-19 07:05:41'),(94,94,94,'Veritatis et reprehenderit aliquid iste et nihil ea rem. Ipsum aliquam sed est autem. Mollitia consequatur sequi ab sint. Et culpa maiores eligendi dolorem dolorum expedita perspiciatis.','1990-03-16 21:28:51'),(95,95,95,'Eius non ut accusantium placeat sequi. Deserunt et ipsa et molestiae. In autem voluptatum similique aut eveniet quidem sed consequatur.','2000-03-23 02:13:35'),(96,96,96,'Officia sunt accusantium doloribus qui vel qui quis voluptatem. Error maiores voluptas quia a. Voluptas sunt qui autem dolorem. Vel a et consequatur eius aliquam quaerat distinctio. Nesciunt et eum accusamus id.','1979-11-13 18:08:35'),(97,97,97,'Illum officia laudantium dolorum rerum et. Eveniet ipsum veritatis est aperiam ullam consectetur nobis veritatis. Perferendis qui et culpa eos cupiditate recusandae illum.','2005-03-03 00:19:23'),(98,98,98,'Libero nulla illum aliquam dolorem sit fugiat. Sapiente dolores dolorem neque libero.','1970-06-15 05:27:17'),(99,99,99,'Numquam autem aut voluptatibus et natus quas. Voluptate voluptatibus asperiores explicabo dolor adipisci et. Molestiae ratione eos quos voluptas. Facilis aperiam sit voluptates inventore quasi.','1991-07-24 14:40:19'),(100,100,100,'Iste quae et eos voluptatem beatae accusamus. Nihil sint possimus ipsum sed. Quidem non temporibus dicta animi nihil sunt consequuntur. Ut velit praesentium aliquid doloribus.','2011-10-09 00:30:12');
/*!40000 ALTER TABLE `messages` ENABLE KEYS */;
UNLOCK TABLES;

--
-- Table structure for table `my_friends`
--

DROP TABLE IF EXISTS `my_friends`;
/*!40101 SET @saved_cs_client     = @@character_set_client */;
/*!40101 SET character_set_client = utf8 */;
CREATE TABLE `my_friends` (
  `id` bigint(20) unsigned NOT NULL AUTO_INCREMENT,
  `friend_id` bigint(20) unsigned DEFAULT NULL,
  PRIMARY KEY (`id`),
  KEY `friend_id` (`friend_id`),
  CONSTRAINT `my_friends_ibfk_1` FOREIGN KEY (`friend_id`) REFERENCES `users` (`id`) ON DELETE CASCADE ON UPDATE CASCADE
) ENGINE=InnoDB AUTO_INCREMENT=101 DEFAULT CHARSET=utf8mb4 COLLATE=utf8mb4_unicode_ci;
/*!40101 SET character_set_client = @saved_cs_client */;

--
-- Dumping data for table `my_friends`
--

LOCK TABLES `my_friends` WRITE;
/*!40000 ALTER TABLE `my_friends` DISABLE KEYS */;
INSERT INTO `my_friends` VALUES (1,1),(2,2),(3,3),(4,4),(5,5),(6,6),(7,7),(8,8),(9,9),(10,10),(11,11),(12,12),(13,13),(14,14),(15,15),(16,16),(17,17),(18,18),(19,19),(20,20),(21,21),(22,22),(23,23),(24,24),(25,25),(26,26),(27,27),(28,28),(29,29),(30,30),(31,31),(32,32),(33,33),(34,34),(35,35),(36,36),(37,37),(38,38),(39,39),(40,40),(41,41),(42,42),(43,43),(44,44),(45,45),(46,46),(47,47),(48,48),(49,49),(50,50),(51,51),(52,52),(53,53),(54,54),(55,55),(56,56),(57,57),(58,58),(59,59),(60,60),(61,61),(62,62),(63,63),(64,64),(65,65),(66,66),(67,67),(68,68),(69,69),(70,70),(71,71),(72,72),(73,73),(74,74),(75,75),(76,76),(77,77),(78,78),(79,79),(80,80),(81,81),(82,82),(83,83),(84,84),(85,85),(86,86),(87,87),(88,88),(89,89),(90,90),(91,91),(92,92),(93,93),(94,94),(95,95),(96,96),(97,97),(98,98),(99,99),(100,100);
/*!40000 ALTER TABLE `my_friends` ENABLE KEYS */;
UNLOCK TABLES;

--
-- Table structure for table `news_feed`
--

DROP TABLE IF EXISTS `news_feed`;
/*!40101 SET @saved_cs_client     = @@character_set_client */;
/*!40101 SET character_set_client = utf8 */;
CREATE TABLE `news_feed` (
  `id` bigint(20) unsigned NOT NULL AUTO_INCREMENT,
  `my_news_id` bigint(20) unsigned DEFAULT NULL COMMENT 'Новости от меня',
  `friends_news` bigint(20) unsigned DEFAULT NULL COMMENT 'Новости от друзей',
  `communities_news_id` bigint(20) unsigned DEFAULT NULL COMMENT 'Новости сообществ',
  `body` text COLLATE utf8mb4_unicode_ci DEFAULT NULL,
  `created_at` datetime DEFAULT current_timestamp(),
  PRIMARY KEY (`id`),
  KEY `my_news_id` (`my_news_id`),
  KEY `communities_news_id` (`communities_news_id`),
  CONSTRAINT `news_feed_ibfk_1` FOREIGN KEY (`my_news_id`) REFERENCES `my_friends` (`id`) ON DELETE CASCADE ON UPDATE CASCADE,
  CONSTRAINT `news_feed_ibfk_2` FOREIGN KEY (`communities_news_id`) REFERENCES `communities` (`id`) ON DELETE CASCADE ON UPDATE CASCADE
) ENGINE=InnoDB AUTO_INCREMENT=101 DEFAULT CHARSET=utf8mb4 COLLATE=utf8mb4_unicode_ci;
/*!40101 SET character_set_client = @saved_cs_client */;

--
-- Dumping data for table `news_feed`
--

LOCK TABLES `news_feed` WRITE;
/*!40000 ALTER TABLE `news_feed` DISABLE KEYS */;
INSERT INTO `news_feed` VALUES (1,1,NULL,1,'Sed quam ex ipsum. Temporibus omnis rerum maiores ipsam odio modi. Quia ut et minima omnis eligendi et voluptas. Et sed ea et quidem repellat similique accusantium. Minima perspiciatis at et dolorum nam ipsa.','1991-04-09 18:30:56'),(2,2,NULL,2,'Quia eum magni asperiores sunt culpa. Nobis ut dolore tenetur ea. Sunt et est voluptatem quas unde expedita. Expedita soluta tenetur nihil magni corrupti quas autem autem.','2017-09-26 06:26:25'),(3,3,NULL,3,'At nobis et deleniti qui nostrum quod quae. Voluptas error sint dicta ad nostrum neque. Unde nulla doloribus commodi non similique incidunt. Dolorum dolor quidem nihil accusamus iusto sed et. Dolor tempora ducimus debitis veritatis qui.','1985-06-03 00:23:33'),(4,4,NULL,4,'Distinctio assumenda at et laborum. Et soluta error et earum consectetur dolorem nihil et. Alias quia ex similique pariatur. Est ab accusantium nostrum vel quis.','2008-02-10 22:01:27'),(5,5,NULL,5,'Dolor eveniet et inventore earum fugiat. Facilis ab quia voluptas sit dolore provident. Iusto atque esse voluptatibus et est.','2010-11-25 16:33:15'),(6,6,NULL,6,'Aut consequuntur fuga quod assumenda ut. Molestiae quia totam qui.','2010-07-16 21:13:16'),(7,7,NULL,7,'Sit voluptatem alias reiciendis modi. Ipsa consectetur atque nulla laborum necessitatibus reiciendis aut. Sunt aut sit numquam in.','1989-02-14 13:27:42'),(8,8,NULL,8,'Doloremque impedit sapiente fuga dolorem dolores consectetur. Ducimus esse autem est corporis placeat. Omnis sed dolor architecto ut impedit delectus. Autem et similique eum praesentium.','1980-11-17 10:21:34'),(9,9,NULL,9,'Quia sed voluptate enim omnis eos excepturi illum. Minus necessitatibus corporis ea. Sed a reiciendis quis voluptas esse neque ex.','2015-07-29 11:10:59'),(10,10,NULL,10,'Totam quod et est. Sint earum voluptatem porro asperiores molestias accusantium. Enim ratione et ullam sequi. Dignissimos autem voluptatem non velit dolorum.','1982-03-28 00:03:13'),(11,11,NULL,11,'Qui fuga sunt temporibus dolor aut nemo. Quo vel tempore adipisci. Harum eligendi porro distinctio repudiandae architecto impedit voluptate occaecati.','2017-01-11 13:12:16'),(12,12,NULL,12,'Aliquid dolores voluptatum eius ut. Possimus id sit omnis doloribus. Quia quos dolor expedita unde animi. Cum dolores neque nesciunt vel ut sed enim.','1972-12-25 10:35:24'),(13,13,NULL,13,'Aliquam sunt quidem corporis est accusantium quis a. Modi nemo quam dolor unde voluptatem quis. Doloribus numquam repellendus quas adipisci ad excepturi omnis quia.','1996-06-10 15:36:13'),(14,14,NULL,14,'Odio sint harum autem ea qui. Iste nisi fugit omnis doloremque.','1988-02-26 17:22:21'),(15,15,NULL,15,'Aut esse laboriosam sit dolores reprehenderit amet et molestias. Illum qui est labore ullam illo et. Aut et ut recusandae alias nemo. Nisi rerum et totam eveniet tenetur odio. Error atque numquam iste.','1995-10-26 07:16:02'),(16,16,NULL,16,'Quasi voluptas consectetur qui est. Aliquid neque modi ipsam iusto esse. Ut ut similique eius non autem facere totam.','1971-04-21 06:06:09'),(17,17,NULL,17,'Tempora est incidunt quia blanditiis. Modi ut nam impedit soluta. Quaerat aut aliquid sed sint quae et quia. Autem qui eos culpa at et odit.','1981-07-06 10:40:52'),(18,18,NULL,18,'Aliquam nam enim dolorem velit veritatis. Eos nihil ducimus rerum dolores. Est delectus qui voluptatem sed. Quidem assumenda sed et rerum non nam.','2004-12-10 22:17:28'),(19,19,NULL,19,'Modi consequuntur debitis vitae ut totam. Exercitationem possimus et est nulla perferendis vel. Est ipsum libero repellat molestiae sit voluptatem voluptas.','2018-06-24 04:42:30'),(20,20,NULL,20,'Molestiae fugit est est quaerat. Ab eum cupiditate sint ea. Quis autem ea temporibus voluptate voluptates quaerat.','2014-08-19 03:41:07'),(21,21,NULL,21,'Quia est et sit. Qui asperiores dolor perferendis rerum possimus velit rerum aut.','1978-04-29 11:14:52'),(22,22,NULL,22,'Porro commodi aut facilis dolorem aliquid quam quibusdam. Similique aliquid velit sunt est corrupti ut magni. Blanditiis ut doloribus accusantium illo dolore et. Fugit sunt voluptates facere.','1982-07-28 22:41:56'),(23,23,NULL,23,'Non sint quibusdam velit voluptas adipisci velit. Blanditiis molestiae sed fugit laboriosam. Dolores quasi et quam voluptates est eveniet et. Inventore ad et laudantium consequuntur ipsam.','1974-02-05 06:54:24'),(24,24,NULL,24,'Laudantium maiores libero fuga praesentium qui culpa est repellat. Aut quam aut dolorem distinctio asperiores. Accusantium rerum aut molestias quos.','2015-08-06 16:49:19'),(25,25,NULL,25,'Quisquam optio fugiat officia porro. Debitis hic quas dolor cumque. Velit ut dignissimos et esse et. Ut et dolorum qui iste. Quis quod voluptatem quos temporibus.','1979-11-03 15:07:20'),(26,26,NULL,26,'Quidem at libero ullam. Autem nobis cum accusantium alias. A enim ut architecto id. Adipisci et id amet blanditiis.','2007-03-12 22:17:31'),(27,27,NULL,27,'Aliquam et autem provident. Vero nesciunt ipsam quaerat id cumque.','2007-09-03 12:16:58'),(28,28,NULL,28,'Nobis eos hic fugit voluptatem est ea consequatur. Aperiam et soluta enim officia. Temporibus distinctio a dolorem quod veritatis ut eos.','2001-02-16 00:21:46'),(29,29,NULL,29,'Et quia eius numquam. Voluptas voluptates deleniti rem corporis ut aut. Voluptatem consequatur incidunt blanditiis vero et vero. Itaque reiciendis corporis debitis voluptatem.','2000-07-17 04:47:01'),(30,30,NULL,30,'Temporibus consectetur nihil ea adipisci eum praesentium dolorem. Et delectus architecto error et vitae adipisci occaecati. Voluptatibus quas aut voluptate laudantium voluptas. Eligendi sunt distinctio velit.','2012-02-28 17:01:49'),(31,31,NULL,31,'Totam corrupti quia placeat et. Repudiandae provident ut ut facere molestiae aut. Et atque deserunt aspernatur ut.','1999-04-14 23:55:50'),(32,32,NULL,32,'Odit similique nihil sapiente earum voluptatem et vero. Laborum ea consequatur cum et. Eius voluptatibus dolores error qui aut excepturi neque.','1988-03-02 15:10:32'),(33,33,NULL,33,'Minima consectetur harum qui ut esse. Accusamus ut quas itaque ut ut accusantium assumenda. Magni rem sequi cum quia.','2018-03-05 10:54:24'),(34,34,NULL,34,'Eveniet a ullam qui unde dolor. Molestiae autem rerum velit laboriosam autem ratione voluptatem rerum. Velit culpa totam accusantium. Reprehenderit fuga eos explicabo velit voluptatem laborum.','1972-01-11 05:36:11'),(35,35,NULL,35,'Officiis aut quae sit impedit neque deserunt et. Illo modi beatae dolorem. Cum totam et earum nostrum eaque dignissimos consequatur.','2014-11-11 10:09:13'),(36,36,NULL,36,'Numquam odit tenetur officiis accusamus ut delectus qui et. Nemo hic tempore nihil repudiandae. Mollitia eaque reprehenderit consectetur. Sint in architecto natus sed cupiditate deleniti voluptatibus impedit.','1988-01-08 03:52:42'),(37,37,NULL,37,'Omnis et harum fugit esse ipsa. Enim aut quia voluptate odit ab deserunt reprehenderit. Id expedita rerum qui nam vel et est.','2013-12-16 07:36:59'),(38,38,NULL,38,'Aut eligendi sequi aperiam rerum eveniet. Sed fuga neque magnam atque debitis in saepe. Voluptatem sapiente ab ducimus est eaque non. Vitae recusandae repudiandae voluptas rerum. Inventore beatae sunt non sint ea sunt.','1995-08-20 19:17:20'),(39,39,NULL,39,'Quis veniam quis qui non officia. Odio hic omnis quae qui nihil. Quo neque dolorem dolor voluptas facilis quia reprehenderit assumenda. Incidunt blanditiis exercitationem repellat quia velit quis.','1970-07-20 17:53:21'),(40,40,NULL,40,'Aliquid harum in voluptatum omnis laboriosam. Debitis ut architecto asperiores at. Provident dignissimos exercitationem numquam dolores. Distinctio illum animi quaerat eos blanditiis.','1990-10-04 08:00:43'),(41,41,NULL,41,'Perferendis dicta autem omnis ut. Dignissimos quisquam vero sed. Eligendi corporis voluptate vel iusto inventore.','1999-09-18 16:06:46'),(42,42,NULL,42,'Accusamus ea neque molestiae magni unde. Quod esse dignissimos est quae ipsa quidem hic. Cumque nobis est quia sunt. Aperiam iste laborum quo minima corporis earum enim.','1976-04-18 05:52:22'),(43,43,NULL,43,'Nemo dolores odit eos. Qui exercitationem et harum ut. Dolores architecto nemo voluptates tempora qui recusandae. Nostrum molestias exercitationem sit ipsum est deleniti.','1977-10-05 10:48:19'),(44,44,NULL,44,'Non aut vel quia unde quos neque cupiditate. Voluptas qui veniam deserunt nihil eum iure doloribus. Qui quia eius eum.','2011-01-30 13:29:34'),(45,45,NULL,45,'Enim dicta quam sint asperiores. Et ut rerum ut iure voluptatem. Dolor dignissimos aut nisi eum. Tenetur molestiae ipsum temporibus est quidem quasi.','2012-06-24 13:05:16'),(46,46,NULL,46,'Sed est commodi ipsum ipsa illum occaecati. Voluptatem cum quis maiores ut doloremque quisquam non odit. Assumenda cum cum soluta et rerum. Perspiciatis itaque dignissimos veritatis ut consequatur ad.','2001-10-20 07:56:56'),(47,47,NULL,47,'In autem repudiandae dolorum similique. Vel architecto et delectus laboriosam laboriosam commodi.','2002-02-24 11:45:58'),(48,48,NULL,48,'Quas est eveniet beatae ea non enim repellat. Molestiae dolor expedita perspiciatis sed amet non. Velit ipsa a quia modi. Provident non ipsum esse quia qui.','1976-07-22 11:50:33'),(49,49,NULL,49,'Repellendus quaerat ratione minima aspernatur. Voluptatem illo facilis nisi debitis molestiae praesentium. Dignissimos voluptas minima dicta omnis doloremque at quo. Quo voluptatem ullam occaecati at quis. Dignissimos delectus at sit et ut.','2001-09-24 01:11:06'),(50,50,NULL,50,'Ut aut debitis laborum iure. Dolorem dolore voluptates iste molestiae et. Ut quia a sequi omnis sunt. In ut cumque sint modi delectus.','2015-06-09 21:19:49'),(51,51,NULL,51,'Eum quia ea aliquam enim distinctio. Aut fuga voluptas expedita sunt.','2010-01-11 11:29:44'),(52,52,NULL,52,'Sed voluptatem consequuntur officia laboriosam repudiandae tenetur reiciendis. Repudiandae quis accusamus accusamus rerum nulla assumenda nobis. Architecto ut et rem consequatur minus alias. Consectetur quia qui non.','2016-12-20 20:30:12'),(53,53,NULL,53,'Dolores vitae esse porro eum. Dolorem temporibus veniam maiores libero est beatae. Sed quis ratione vel quod eius vel natus delectus. Dolorem id ut nobis vero illum.','1996-01-04 01:25:40'),(54,54,NULL,54,'Ut vel sit repellendus voluptatem sint ad nam. Facere perspiciatis dolorem alias ab velit sit.','2008-05-14 22:35:58'),(55,55,NULL,55,'Rerum qui suscipit dicta assumenda sit aperiam. Voluptatem aut qui molestias officiis. Suscipit neque quia nesciunt accusamus ducimus molestias et porro.','2006-07-25 23:04:46'),(56,56,NULL,56,'Voluptatem rerum rerum omnis aut. Eveniet explicabo quod eveniet eum nostrum.','2003-10-23 23:43:59'),(57,57,NULL,57,'Cum totam labore numquam quis. Quia cupiditate aspernatur et quos.','1992-06-27 18:04:56'),(58,58,NULL,58,'Sit voluptas numquam animi modi. Cum impedit autem aliquam mollitia ut est adipisci sapiente. Iure est suscipit quidem voluptatem doloribus eos dolor doloribus. Nulla eos est velit commodi aliquid.','1977-12-15 23:44:16'),(59,59,NULL,59,'Quis aut est ab fugiat tempore. Vero similique vel qui ea fuga et. Quo odit dolorem odio saepe enim praesentium labore labore.','1970-01-01 10:13:14'),(60,60,NULL,60,'Soluta nostrum repellat et. Perferendis reprehenderit ipsum vel voluptatem. Voluptates et atque vel dicta temporibus amet repellendus.','2004-10-10 14:11:35'),(61,61,NULL,61,'Illum inventore tempora sapiente iusto officiis. Aut est in dolores. Nihil nam vero vitae quia id ipsa aperiam. Aliquam rem aliquam neque consectetur ut fugit et. Debitis rerum necessitatibus facere error vel est.','1975-08-19 08:04:35'),(62,62,NULL,62,'Et et vel assumenda reiciendis dicta quia earum. In voluptas aut voluptatibus nihil et aut est sint. Est vel aut incidunt nemo perspiciatis. Quis ab reprehenderit et delectus quas et qui.','2003-03-28 08:39:22'),(63,63,NULL,63,'Beatae eos est voluptate exercitationem ut eligendi dolores. Quidem minima et numquam odio nesciunt quasi ex.','1992-10-30 15:47:29'),(64,64,NULL,64,'Tempore unde suscipit nisi ipsam hic nostrum sit. Iste totam voluptas aut. Quisquam qui asperiores sit atque quam. Placeat nostrum numquam illo accusantium et dolor reiciendis laborum.','1978-02-20 13:45:37'),(65,65,NULL,65,'Commodi perspiciatis delectus quo quod expedita. In quibusdam id dolor nisi labore eaque iste quos. Eius laboriosam impedit et possimus a quam. Nesciunt placeat vel quod necessitatibus.','2012-02-12 08:12:46'),(66,66,NULL,66,'Sit aspernatur rerum molestias quam hic maxime. Molestiae reiciendis nam placeat explicabo quibusdam. Incidunt ut voluptas voluptatibus.','2000-03-14 18:33:09'),(67,67,NULL,67,'Officiis qui sunt aut ipsum dolorem eos vel. Qui velit numquam eligendi quod aut. Rerum minima eos culpa labore. Est at ea quae fugiat.','2008-08-26 10:48:16'),(68,68,NULL,68,'Mollitia voluptatibus porro quo qui inventore quas molestiae. Odit qui aliquam sunt aut et ut omnis.','1990-03-06 12:34:46'),(69,69,NULL,69,'Aut soluta beatae nemo aliquam. Autem ab molestiae repellat et. Explicabo est consequuntur minima deleniti illo. Consequatur iste ad iste incidunt. Non ut unde non unde.','1986-01-25 11:23:00'),(70,70,NULL,70,'Est aut dolor quidem quos. Tempore id esse qui alias.','2018-06-20 08:59:35'),(71,71,NULL,71,'Eaque tempore suscipit aspernatur repudiandae ipsam. Quia non reprehenderit suscipit. Laborum provident odio doloremque asperiores deleniti voluptas beatae vitae.','1976-12-11 07:00:23'),(72,72,NULL,72,'Modi et enim est non. Non labore et qui asperiores ipsa delectus dolorem. Et iusto qui in dolorem ea rerum rerum. Eius cum voluptate et est sapiente.','1976-02-15 19:37:42'),(73,73,NULL,73,'Consequatur voluptatem quas rem eum eius quasi rem voluptatem. Explicabo est voluptatem exercitationem quaerat. Est sit voluptatem id molestiae explicabo suscipit.','1992-10-09 22:17:44'),(74,74,NULL,74,'Doloremque deserunt harum ratione consequatur. Est recusandae cumque rerum cupiditate. Et atque eius qui autem culpa.','2013-07-09 07:00:00'),(75,75,NULL,75,'Omnis quam occaecati aut sunt hic ea eum quam. Iste dicta blanditiis nemo.','2018-03-18 02:03:09'),(76,76,NULL,76,'Excepturi exercitationem eius quas. Est aliquid ipsum et. Dicta consequatur molestias voluptas consequatur voluptas consequatur molestiae.','2000-07-18 03:18:55'),(77,77,NULL,77,'Quia et veniam deleniti est consectetur labore. Vitae voluptas eos odit dolor. Deserunt qui sit nostrum voluptates. Atque sunt a reprehenderit adipisci architecto velit sed.','1986-03-18 03:23:48'),(78,78,NULL,78,'Nisi non incidunt sequi velit repellendus quasi pariatur. Dolorem dolores repellendus numquam saepe neque. A reiciendis molestiae minima aliquam eveniet id aut. Enim ad laudantium est nihil et.','1986-04-10 21:49:46'),(79,79,NULL,79,'Sint voluptatem quisquam est reiciendis ipsa. Qui veritatis magni ut est voluptatibus ut. Incidunt veniam animi ea voluptatem. Molestiae ad et aut.','1986-01-22 20:33:27'),(80,80,NULL,80,'Nulla modi sit eligendi qui ut ullam. Placeat consequuntur ea et rem veritatis tempora autem.','2000-11-30 13:23:21'),(81,81,NULL,81,'Natus sed vel qui deserunt facere aut deleniti. Commodi officiis ipsum in ipsam quisquam corrupti. Dicta fugiat quia sed nostrum quos expedita sapiente. Nihil quia mollitia veritatis cumque deserunt. Sint dignissimos consectetur id.','1989-03-02 01:37:18'),(82,82,NULL,82,'Quae non neque libero quas. Aut et voluptatem sit nobis. Qui asperiores est dolores aut deserunt esse aliquid. Iste sit et blanditiis magni et.','2013-09-04 11:11:15'),(83,83,NULL,83,'Id beatae vitae porro est accusantium nostrum qui perspiciatis. Fugit ipsam magnam qui. Molestiae non omnis quibusdam voluptatibus et. Consequuntur et in non quisquam veniam animi.','2000-05-26 08:39:49'),(84,84,NULL,84,'Consequatur exercitationem optio optio quisquam et sed non. Alias velit quis veniam tempore.','1992-01-24 15:49:34'),(85,85,NULL,85,'Facere minima quas enim sed perferendis corporis. Eum ex quibusdam distinctio porro. Laudantium tempore pariatur quisquam. Odio rerum repudiandae repudiandae velit.','2020-01-04 11:17:40'),(86,86,NULL,86,'Qui culpa autem maxime omnis nam officia. Sequi soluta laborum iste accusantium. Optio repudiandae quod sunt esse.','1986-07-11 03:57:27'),(87,87,NULL,87,'Reprehenderit quibusdam cumque optio deleniti enim. Fugit eos iusto et eos consequatur culpa et. Provident laudantium est deserunt ducimus aut placeat. Explicabo autem esse odio aperiam quod et.','1973-12-26 05:33:50'),(88,88,NULL,88,'Consequatur voluptatem odit qui quisquam eos velit error nisi. Architecto enim et et odit qui ipsum. Molestias aut et consequatur omnis.','2007-03-27 15:11:52'),(89,89,NULL,89,'Quisquam aut dignissimos cupiditate iste aliquid. Voluptatum quis saepe quis dolores ab repellat. Tempore possimus non minima aut dolore dicta est id.','1972-05-09 16:45:32'),(90,90,NULL,90,'Voluptatem impedit sunt quod totam tempore molestiae. Odit perspiciatis sit sunt. Maiores molestiae facilis odit deserunt ut aut nobis. Et dolores qui illum reprehenderit ea repudiandae velit.','2010-03-18 10:33:06'),(91,91,NULL,91,'Quisquam nam quis eligendi debitis at eos. Dolorem modi nostrum aliquid dolorem. In explicabo odio sit aperiam non.','1984-11-23 04:02:10'),(92,92,NULL,92,'Eos esse dolorum blanditiis suscipit aut explicabo maxime dolorem. Quasi doloribus modi vel et aliquid ipsa. Vel est illo aspernatur beatae alias quisquam ducimus.','1984-10-13 11:20:52'),(93,93,NULL,93,'Non enim ea est reprehenderit non voluptatem. Et cupiditate quisquam eligendi quo. Ad esse ipsam sit illo sed.','2006-11-25 01:36:09'),(94,94,NULL,94,'Voluptatem aut est maiores laudantium magni corrupti. Id et quos voluptatem sit dolores. Sunt id quisquam et ipsam illo reprehenderit nam. Eos beatae laborum ex illum error laborum ut. Sed nobis distinctio reprehenderit amet mollitia quibusdam.','1998-11-02 03:33:33'),(95,95,NULL,95,'Sit sapiente reiciendis magnam delectus enim ipsa dicta. Laboriosam iusto facere inventore reprehenderit deleniti dolore nesciunt veniam. Qui minima tenetur sed.','2010-02-02 14:46:54'),(96,96,NULL,96,'Nihil nostrum distinctio sunt. Ullam laboriosam et id in dolor. Esse et consequatur fugit cupiditate ipsa. Labore fugiat impedit amet voluptate qui aut rerum quis.','2010-02-22 21:30:05'),(97,97,NULL,97,'Veniam nisi exercitationem quis dignissimos eaque quia aut. Facilis eum sint optio quibusdam quia eius. Quasi voluptatibus dolorem maxime at eius nulla.','1973-03-04 03:12:57'),(98,98,NULL,98,'Corporis culpa dolorem velit quos nisi deleniti. Aut dicta quasi ut blanditiis. Sed molestiae aliquam qui consectetur. Commodi quasi qui dolorem quia vitae quo ullam aperiam.','1989-07-15 03:32:46'),(99,99,NULL,99,'Amet provident ipsa odit voluptas. Voluptas magnam maiores consequatur corrupti. Corrupti odit corrupti quia. Occaecati nihil veritatis non esse id itaque.','1973-05-17 19:35:21'),(100,100,NULL,100,'Minima molestiae ut ad sequi facere. Sed sint porro ut ut provident molestiae recusandae consectetur. Omnis aut et ut. Molestiae eveniet sed sed molestiae unde ab.','1982-09-13 17:20:31');
/*!40000 ALTER TABLE `news_feed` ENABLE KEYS */;
UNLOCK TABLES;

--
-- Table structure for table `photo_albums`
--

DROP TABLE IF EXISTS `photo_albums`;
/*!40101 SET @saved_cs_client     = @@character_set_client */;
/*!40101 SET character_set_client = utf8 */;
CREATE TABLE `photo_albums` (
  `id` bigint(20) unsigned NOT NULL AUTO_INCREMENT,
  `name` varchar(255) COLLATE utf8mb4_unicode_ci DEFAULT NULL,
  `user_id` bigint(20) unsigned DEFAULT NULL,
  PRIMARY KEY (`id`),
  UNIQUE KEY `id` (`id`),
  KEY `user_id` (`user_id`),
  CONSTRAINT `photo_albums_ibfk_1` FOREIGN KEY (`user_id`) REFERENCES `users` (`id`) ON DELETE SET NULL ON UPDATE CASCADE
) ENGINE=InnoDB AUTO_INCREMENT=101 DEFAULT CHARSET=utf8mb4 COLLATE=utf8mb4_unicode_ci;
/*!40101 SET character_set_client = @saved_cs_client */;

--
-- Dumping data for table `photo_albums`
--

LOCK TABLES `photo_albums` WRITE;
/*!40000 ALTER TABLE `photo_albums` DISABLE KEYS */;
INSERT INTO `photo_albums` VALUES (1,'nemo',1),(2,'aspernatur',2),(3,'animi',3),(4,'itaque',4),(5,'laboriosam',5),(6,'itaque',6),(7,'eveniet',7),(8,'deserunt',8),(9,'quis',9),(10,'aut',10),(11,'officia',11),(12,'nobis',12),(13,'beatae',13),(14,'cum',14),(15,'accusamus',15),(16,'ducimus',16),(17,'ut',17),(18,'dicta',18),(19,'ut',19),(20,'maiores',20),(21,'ratione',21),(22,'rerum',22),(23,'molestiae',23),(24,'saepe',24),(25,'sunt',25),(26,'magnam',26),(27,'repellat',27),(28,'voluptates',28),(29,'alias',29),(30,'nam',30),(31,'harum',31),(32,'illo',32),(33,'nesciunt',33),(34,'ipsam',34),(35,'reprehenderit',35),(36,'et',36),(37,'sit',37),(38,'aut',38),(39,'et',39),(40,'quia',40),(41,'similique',41),(42,'labore',42),(43,'ad',43),(44,'quo',44),(45,'rerum',45),(46,'in',46),(47,'nesciunt',47),(48,'accusamus',48),(49,'ea',49),(50,'vel',50),(51,'vel',51),(52,'velit',52),(53,'ut',53),(54,'non',54),(55,'corrupti',55),(56,'omnis',56),(57,'ipsum',57),(58,'voluptas',58),(59,'aut',59),(60,'tempora',60),(61,'harum',61),(62,'harum',62),(63,'laborum',63),(64,'fuga',64),(65,'ipsum',65),(66,'facere',66),(67,'sit',67),(68,'dolores',68),(69,'saepe',69),(70,'aut',70),(71,'sed',71),(72,'ut',72),(73,'distinctio',73),(74,'dolorum',74),(75,'minima',75),(76,'voluptatem',76),(77,'reiciendis',77),(78,'minima',78),(79,'omnis',79),(80,'nostrum',80),(81,'voluptas',81),(82,'libero',82),(83,'voluptatem',83),(84,'ex',84),(85,'non',85),(86,'doloremque',86),(87,'ipsa',87),(88,'illum',88),(89,'possimus',89),(90,'et',90),(91,'perferendis',91),(92,'qui',92),(93,'eum',93),(94,'laborum',94),(95,'nisi',95),(96,'repellat',96),(97,'quo',97),(98,'laboriosam',98),(99,'harum',99),(100,'omnis',100);
/*!40000 ALTER TABLE `photo_albums` ENABLE KEYS */;
UNLOCK TABLES;

--
-- Table structure for table `photos`
--

DROP TABLE IF EXISTS `photos`;
/*!40101 SET @saved_cs_client     = @@character_set_client */;
/*!40101 SET character_set_client = utf8 */;
CREATE TABLE `photos` (
  `id` bigint(20) unsigned NOT NULL AUTO_INCREMENT,
  `album_id` bigint(20) unsigned NOT NULL,
  `media_id` bigint(20) unsigned NOT NULL,
  PRIMARY KEY (`id`),
  KEY `album_id` (`album_id`),
  KEY `media_id` (`media_id`),
  CONSTRAINT `photos_ibfk_1` FOREIGN KEY (`album_id`) REFERENCES `photo_albums` (`id`) ON DELETE CASCADE ON UPDATE CASCADE,
  CONSTRAINT `photos_ibfk_2` FOREIGN KEY (`media_id`) REFERENCES `media` (`id`) ON DELETE CASCADE ON UPDATE CASCADE
) ENGINE=InnoDB AUTO_INCREMENT=101 DEFAULT CHARSET=utf8mb4 COLLATE=utf8mb4_unicode_ci;
/*!40101 SET character_set_client = @saved_cs_client */;

--
-- Dumping data for table `photos`
--

LOCK TABLES `photos` WRITE;
/*!40000 ALTER TABLE `photos` DISABLE KEYS */;
INSERT INTO `photos` VALUES (1,1,1),(2,2,2),(3,3,3),(4,4,4),(5,5,5),(6,6,6),(7,7,7),(8,8,8),(9,9,9),(10,10,10),(11,11,11),(12,12,12),(13,13,13),(14,14,14),(15,15,15),(16,16,16),(17,17,17),(18,18,18),(19,19,19),(20,20,20),(21,21,21),(22,22,22),(23,23,23),(24,24,24),(25,25,25),(26,26,26),(27,27,27),(28,28,28),(29,29,29),(30,30,30),(31,31,31),(32,32,32),(33,33,33),(34,34,34),(35,35,35),(36,36,36),(37,37,37),(38,38,38),(39,39,39),(40,40,40),(41,41,41),(42,42,42),(43,43,43),(44,44,44),(45,45,45),(46,46,46),(47,47,47),(48,48,48),(49,49,49),(50,50,50),(51,51,51),(52,52,52),(53,53,53),(54,54,54),(55,55,55),(56,56,56),(57,57,57),(58,58,58),(59,59,59),(60,60,60),(61,61,61),(62,62,62),(63,63,63),(64,64,64),(65,65,65),(66,66,66),(67,67,67),(68,68,68),(69,69,69),(70,70,70),(71,71,71),(72,72,72),(73,73,73),(74,74,74),(75,75,75),(76,76,76),(77,77,77),(78,78,78),(79,79,79),(80,80,80),(81,81,81),(82,82,82),(83,83,83),(84,84,84),(85,85,85),(86,86,86),(87,87,87),(88,88,88),(89,89,89),(90,90,90),(91,91,91),(92,92,92),(93,93,93),(94,94,94),(95,95,95),(96,96,96),(97,97,97),(98,98,98),(99,99,99),(100,100,100);
/*!40000 ALTER TABLE `photos` ENABLE KEYS */;
UNLOCK TABLES;

--
-- Table structure for table `profiles`
--

DROP TABLE IF EXISTS `profiles`;
/*!40101 SET @saved_cs_client     = @@character_set_client */;
/*!40101 SET character_set_client = utf8 */;
CREATE TABLE `profiles` (
  `user_id` bigint(20) unsigned NOT NULL AUTO_INCREMENT,
  `gender` char(1) COLLATE utf8mb4_unicode_ci DEFAULT NULL,
  `birthday` date DEFAULT NULL,
  `photo_id` bigint(20) unsigned DEFAULT NULL,
  `created_at` datetime DEFAULT current_timestamp(),
  `hometown` varchar(100) COLLATE utf8mb4_unicode_ci DEFAULT NULL,
  PRIMARY KEY (`user_id`),
  KEY `fk_photo_id` (`photo_id`),
  CONSTRAINT `fk_photo_id` FOREIGN KEY (`photo_id`) REFERENCES `photos` (`id`) ON DELETE SET NULL ON UPDATE CASCADE,
  CONSTRAINT `fk_user_id` FOREIGN KEY (`user_id`) REFERENCES `users` (`id`) ON DELETE CASCADE ON UPDATE CASCADE
) ENGINE=InnoDB AUTO_INCREMENT=101 DEFAULT CHARSET=utf8mb4 COLLATE=utf8mb4_unicode_ci;
/*!40101 SET character_set_client = @saved_cs_client */;

--
-- Dumping data for table `profiles`
--

LOCK TABLES `profiles` WRITE;
/*!40000 ALTER TABLE `profiles` DISABLE KEYS */;
INSERT INTO `profiles` VALUES (1,'f','2002-12-16',1,'1971-05-03 08:26:10',NULL),(2,'m','2017-05-22',2,'2007-01-01 17:56:57',NULL),(3,'m','1994-03-20',3,'1999-01-29 19:10:42',NULL),(4,'m','1973-03-13',4,'2000-06-16 11:50:15',NULL),(5,'f','2013-03-29',5,'1977-09-02 01:29:15',NULL),(6,'m','2004-02-07',6,'1999-12-25 18:48:57',NULL),(7,'m','2004-11-06',7,'2018-08-04 23:48:50',NULL),(8,'f','1973-10-29',8,'2010-10-19 23:29:07',NULL),(9,'f','1991-06-27',9,'1986-06-29 04:17:21',NULL),(10,'f','2017-09-21',10,'1982-12-26 06:30:21',NULL),(11,'m','1979-01-10',11,'1997-01-07 23:30:26',NULL),(12,'f','1998-03-11',12,'2002-04-05 05:35:32',NULL),(13,'m','2017-10-05',13,'1998-05-25 18:19:58',NULL),(14,'m','1989-06-08',14,'1971-01-21 13:00:46',NULL),(15,'m','1993-10-28',15,'1977-08-20 09:59:27',NULL),(16,'f','1996-08-04',16,'2019-11-29 06:35:02',NULL),(17,'m','1999-02-27',17,'2015-12-18 04:31:36',NULL),(18,'f','1990-11-24',18,'1997-07-30 07:51:50',NULL),(19,'m','1971-02-08',19,'2002-08-17 05:19:55',NULL),(20,'f','1974-08-17',20,'1985-06-19 06:37:39',NULL),(21,'m','2015-10-20',21,'2020-04-16 01:01:47',NULL),(22,'f','1987-12-14',22,'2020-02-17 21:02:06',NULL),(23,'m','1998-03-08',23,'2008-02-12 07:05:02',NULL),(24,'m','1988-05-08',24,'1984-01-12 23:57:14',NULL),(25,'m','2004-05-07',25,'1987-07-28 10:15:58',NULL),(26,'f','2018-01-14',26,'1992-03-04 01:10:59',NULL),(27,'m','2008-12-19',27,'2002-10-20 18:32:00',NULL),(28,'m','2013-11-09',28,'2000-12-10 15:53:59',NULL),(29,'f','2005-02-13',29,'1982-04-02 02:08:51',NULL),(30,'f','1999-10-26',30,'1981-02-11 08:28:05',NULL),(31,'f','1973-05-30',31,'2017-03-29 20:23:54',NULL),(32,'m','2007-12-06',32,'2001-08-22 15:23:09',NULL),(33,'f','2001-08-24',33,'1973-11-27 16:35:02',NULL),(34,'m','1974-08-04',34,'1994-05-19 17:27:36',NULL),(35,'m','2013-11-02',35,'2014-08-03 19:09:01',NULL),(36,'m','2010-05-24',36,'1991-04-15 10:11:57',NULL),(37,'f','1983-02-02',37,'2004-12-22 03:06:32',NULL),(38,'f','1982-12-06',38,'1970-10-25 11:59:59',NULL),(39,'m','1986-04-15',39,'1970-06-06 21:43:41',NULL),(40,'f','1998-08-16',40,'2010-06-02 15:19:38',NULL),(41,'m','1986-06-25',41,'2020-01-06 22:34:49',NULL),(42,'f','1993-07-13',42,'2005-09-05 13:49:03',NULL),(43,'f','1970-05-28',43,'2020-03-27 00:28:18',NULL),(44,'m','1995-12-16',44,'1974-02-03 18:50:31',NULL),(45,'m','2002-07-29',45,'2012-01-19 12:47:06',NULL),(46,'m','1987-02-10',46,'2019-05-12 12:15:29',NULL),(47,'m','2014-11-15',47,'1985-05-18 12:09:10',NULL),(48,'f','1971-04-29',48,'2011-03-26 03:39:51',NULL),(49,'f','2008-11-16',49,'1983-06-04 04:16:09',NULL),(50,'f','1989-03-03',50,'2008-07-29 06:32:35',NULL),(51,'f','1995-05-09',51,'1993-08-11 20:13:52',NULL),(52,'f','2003-11-18',52,'1981-05-05 08:28:06',NULL),(53,'m','1992-01-08',53,'1997-12-09 22:49:25',NULL),(54,'f','1985-03-03',54,'2017-03-24 03:45:15',NULL),(55,'f','1975-03-19',55,'1975-07-20 10:12:10',NULL),(56,'m','2012-03-30',56,'1978-02-12 05:49:18',NULL),(57,'f','2001-07-31',57,'1978-09-19 14:12:19',NULL),(58,'f','2009-08-04',58,'2015-12-16 02:09:40',NULL),(59,'m','2015-01-05',59,'1976-08-18 12:54:47',NULL),(60,'m','2009-11-03',60,'1978-08-17 10:56:19',NULL),(61,'f','2011-02-28',61,'1993-07-01 13:02:43',NULL),(62,'f','2000-02-11',62,'2007-06-09 04:16:44',NULL),(63,'m','2017-11-04',63,'2015-02-14 17:56:56',NULL),(64,'m','1987-02-09',64,'1999-07-25 15:12:18',NULL),(65,'m','2021-02-12',65,'2006-05-31 20:10:24',NULL),(66,'f','2016-12-16',66,'1976-10-28 19:39:31',NULL),(67,'m','2011-08-05',67,'2000-12-02 02:20:35',NULL),(68,'m','2013-08-03',68,'1979-07-07 21:49:33',NULL),(69,'f','2010-03-14',69,'1982-02-10 17:49:10',NULL),(70,'f','1975-04-19',70,'1976-11-28 13:33:40',NULL),(71,'m','2020-09-30',71,'1988-09-10 21:31:27',NULL),(72,'f','2015-11-07',72,'1988-06-19 01:54:48',NULL),(73,'m','2005-10-20',73,'2002-08-28 03:56:21',NULL),(74,'f','2015-01-27',74,'2001-12-24 19:10:02',NULL),(75,'f','2016-12-05',75,'2002-11-18 15:35:47',NULL),(76,'f','2017-04-10',76,'1983-07-24 11:23:02',NULL),(77,'m','1986-12-20',77,'2014-12-30 12:43:59',NULL),(78,'f','2004-06-03',78,'1987-03-11 01:19:06',NULL),(79,'m','1989-04-28',79,'1996-01-16 02:50:53',NULL),(80,'f','2007-01-10',80,'2001-01-23 16:11:10',NULL),(81,'f','1991-02-18',81,'2016-03-05 05:06:54',NULL),(82,'f','1979-03-08',82,'1972-09-14 10:54:50',NULL),(83,'m','1999-06-09',83,'2011-10-27 04:44:08',NULL),(84,'m','2002-03-23',84,'1973-03-18 20:53:19',NULL),(85,'f','1993-08-11',85,'1976-07-16 12:28:40',NULL),(86,'f','1988-11-04',86,'2003-12-26 12:48:17',NULL),(87,'f','1999-01-23',87,'2002-04-01 16:31:40',NULL),(88,'m','2018-10-17',88,'1997-11-27 17:02:57',NULL),(89,'f','2002-12-06',89,'1999-03-24 09:31:44',NULL),(90,'f','2020-06-01',90,'2002-07-06 22:49:18',NULL),(91,'m','1993-02-22',91,'1983-10-22 21:07:16',NULL),(92,'m','2016-12-27',92,'2012-11-06 22:41:48',NULL),(93,'f','1990-12-10',93,'2007-06-20 00:46:23',NULL),(94,'f','2016-08-02',94,'1985-06-06 13:09:37',NULL),(95,'f','2012-08-03',95,'2016-07-19 08:46:27',NULL),(96,'m','2020-07-06',96,'1988-05-08 12:55:03',NULL),(97,'m','1997-06-03',97,'1974-12-04 06:56:32',NULL),(98,'m','2007-09-10',98,'2011-05-28 01:04:07',NULL),(99,'m','2015-02-22',99,'2019-06-25 06:20:41',NULL),(100,'m','1987-05-08',100,'1991-04-05 02:37:26',NULL);
/*!40000 ALTER TABLE `profiles` ENABLE KEYS */;
UNLOCK TABLES;

--
-- Table structure for table `users`
--

DROP TABLE IF EXISTS `users`;
/*!40101 SET @saved_cs_client     = @@character_set_client */;
/*!40101 SET character_set_client = utf8 */;
CREATE TABLE `users` (
  `id` bigint(20) unsigned NOT NULL AUTO_INCREMENT,
  `firstname` varchar(100) COLLATE utf8mb4_unicode_ci DEFAULT NULL,
  `lastname` varchar(100) COLLATE utf8mb4_unicode_ci DEFAULT NULL COMMENT 'Фамилия',
  `email` varchar(100) COLLATE utf8mb4_unicode_ci DEFAULT NULL,
  `password_hash` varchar(100) COLLATE utf8mb4_unicode_ci DEFAULT NULL,
  `phone` bigint(20) unsigned DEFAULT NULL,
  `is_deleted` bit(1) DEFAULT b'0',
  PRIMARY KEY (`id`),
  UNIQUE KEY `email` (`email`),
  KEY `users_firstname_lastname_idx` (`firstname`,`lastname`)
) ENGINE=InnoDB AUTO_INCREMENT=101 DEFAULT CHARSET=utf8mb4 COLLATE=utf8mb4_unicode_ci;
/*!40101 SET character_set_client = @saved_cs_client */;

--
-- Dumping data for table `users`
--

LOCK TABLES `users` WRITE;
/*!40000 ALTER TABLE `users` DISABLE KEYS */;
INSERT INTO `users` VALUES (1,'Hertha','Stiedemann','alfonzo.turcotte@example.com','4332807d484ff88be03b95dff29c47f3648b6be3',9136670081,'\0'),(2,'Selina','Davis','price.laurel@example.net','c2b112f0887cc51e7276db6407969cfa74a52711',9999692514,''),(3,'Asha','Koepp','trowe@example.net','c37c238ddab1303ba73d22f808f06cec73e90dfa',9286044681,''),(4,'Katlyn','Quigley','eva10@example.net','4878a3d73f00ac47254a6818ee646787b8b4cda9',9789722412,'\0'),(5,'Aiden','Abbott','zstroman@example.com','474712cac0067d4b8501e3290745a35cbca8f657',9319227273,''),(6,'Samanta','Huel','pkovacek@example.org','370f0c1bd31aaa721eb7532d920c5952c46e1aca',9458991585,''),(7,'Therese','White','heller.shania@example.org','d41961f230d581468b636067778820a6d2d035ae',9344661563,''),(8,'Shany','Effertz','luisa87@example.org','2cf4485ec269168f8766786ff831d3eaffce8ab4',9442318448,''),(9,'Erika','Bayer','juwan.pouros@example.com','33a4277c57829136b2525405e3b3698450c6e909',9031641622,'\0'),(10,'Elliott','Schowalter','carley.gleichner@example.net','dfed0ab921c7dd56af754e0f02fae2cacec693b0',9056733016,'\0'),(11,'Keely','Maggio','florence.nolan@example.org','33bdf477a3a558bac365c8a2810ffaa3f3f61c59',9392850798,'\0'),(12,'Jody','Berge','schinner.braxton@example.net','1037897e9f1a92b5bdf30115264c554f3d8735c9',9025081805,''),(13,'Keyon','Kessler','zemlak.liza@example.net','06348e816a21a39edc8044c29e5d3c5ee81ec85a',9517729403,''),(14,'Candace','Bednar','heathcote.flossie@example.com','679d44e91f8eac4e1e18ba0d15f08b0ab2d609d8',9091879296,'\0'),(15,'Thurman','Wisoky','marilie70@example.net','849c84a2f390e832c9f66f0ad2e33fe0b4ba505b',9959422261,'\0'),(16,'Lonie','Parker','precious.hegmann@example.net','3c00012e363d9684f92e85f52e646072a94c9c12',9214548637,''),(17,'Jeffrey','Tromp','zachariah73@example.net','1248027edc9472da342a6ec12697e87d8f1e3f0e',9495981710,'\0'),(18,'Samson','Bednar','tobin42@example.net','b43f5d54a0da40c311dbca058f4997ac448f2127',9136879944,''),(19,'Reanna','Funk','carole45@example.org','aa345721fb37de5c316377b1f8f597d0e0c042f2',9486909695,'\0'),(20,'Briana','Bogan','hahn.ruthie@example.net','51ed3498f820f4812fafe28eb0a47d7a0ae20513',9841957340,'\0'),(21,'Jarred','Stoltenberg','hobart.murphy@example.net','b560a599ac12683d2f88284db2ff528bdc60cf3c',9170390275,'\0'),(22,'Dejon','Brakus','moshe.smith@example.org','35165998e71a1e33004bef7a917fa4d0e0aba807',9815464562,''),(23,'Gerda','Kemmer','blick.ila@example.net','104f45c7a83ccb5ef2102632cb6df8e77b5a7d61',9035116039,''),(24,'Ulises','Wehner','margarett27@example.org','6c4506541ae22f607b8ed0d0f43b724c642ddf39',9580669433,''),(25,'Joan','Feil','wmccullough@example.org','45b0eb5e64576aa08ddb2f7739a76d7ff7738f46',9647097983,'\0'),(26,'Jarvis','Lesch','yost.carson@example.org','dec151bf097ae4b398fe708813bee1b4a93c6677',9233603985,''),(27,'Celia','Wilkinson','graciela.moore@example.net','50be17b21d9067d35e5257cf972809bff8939c53',9632192721,'\0'),(28,'Lolita','Miller','pboyle@example.org','8651d3a7c457aa6ba9c6d0d3584754d8bc592a8c',9477070629,'\0'),(29,'Adolf','Bode','gertrude78@example.org','7dbde986df7f28e734df7f0601d4d054e47033ca',9664821108,''),(30,'London','Dare','luz.mcdermott@example.com','d702766ef955feb13af2e25d099fceb838e78dd0',9478627016,''),(31,'Dane','Abbott','keely12@example.com','d818e82feb4e253f82f06a41ceb992f4633dc81b',9232995601,'\0'),(32,'Edgardo','Vandervort','penelope60@example.org','caa28f3427c9b01d3a03a46ad7e435cf51941717',9436303415,'\0'),(33,'Watson','Beatty','wilkinson.lauretta@example.org','ba73b434b99bb01a632d4a594ac5b706ad545f49',9289135055,'\0'),(34,'Wilton','Donnelly','theresia.feest@example.net','7d251b97183a3ca260e068083d8d9c96fbbdd25a',9297889897,'\0'),(35,'Jewell','Lakin','jtromp@example.com','8dccb8cc993fd50d5e716ce9a29e1536d9999542',9446638771,'\0'),(36,'Lindsay','Legros','maureen39@example.net','7edaf0b1c8ea3cbfce3d94f282bff9122db75195',9972219165,''),(37,'Henriette','Hegmann','merritt.cassin@example.com','07407883c1e3b0922df24385f34084c034a9dc8d',9279576964,'\0'),(38,'Thaddeus','Mayert','akilback@example.com','7920ce6bd0a2d53c5db427820cecd31d85e2b88e',9654927850,'\0'),(39,'Gail','Jakubowski','ggusikowski@example.com','d0f622e408a6a94e9406197e11096ea2bcd1c229',9459258747,''),(40,'Stephen','Feil','strosin.prince@example.com','b279e3ebdd127f2e1498c0ada1687c43b0c682ae',9812816022,''),(41,'Sheldon','Glover','sipes.myriam@example.net','a901dabc302a64154e4c04084e8617957b726d93',9317207039,''),(42,'Molly','Considine','herminio.king@example.com','affc6d44fed006735c2e73d5470307512be6e9c7',9210130925,''),(43,'Johnny','Eichmann','chandler23@example.org','3881834a101fe36cc9db5a271cc1d22d2e4b84c0',9691297137,''),(44,'Maria','Gleichner','emely19@example.org','2d1f846e24fd0372adb166b3be026c978716fd31',9580229975,''),(45,'Naomi','Keebler','ustracke@example.org','287ab3cc463dffb0fecfe928aeb22be01bd30ab9',9958197450,''),(46,'Doyle','Padberg','fkozey@example.com','5347c4bcbd57fd0d9a1b33bb522dfa632a28d739',9942062745,'\0'),(47,'Eda','Ferry','hoppe.merl@example.org','ea7ddfeefcc37fdaccba3e9598fa0fc14f6bf056',9375259213,'\0'),(48,'Vella','Keebler','mayra89@example.org','e41d6843bc9cae5e2e3281b4fe31507306c1c208',9207701827,''),(49,'Lilly','Morissette','eugenia91@example.com','708ffde1825471afdcf0430851a77dac44268b70',9041326169,''),(50,'Bruce','Nienow','nwalker@example.net','b2b5425e7c44e03db41b30fa10ca5fb16a19f193',9433638660,''),(51,'Leopold','Rau','arnaldo66@example.com','e8ce4adefcb30f73d416dee764d85de3c9fdadfa',9011627019,''),(52,'Berenice','Bergstrom','ledner.vidal@example.net','2fd1e8a7a84077160cb8954a12f686f77a33e2aa',9962746188,''),(53,'Winnifred','Beer','maximillia.lynch@example.org','e748fc512793f754151516a64e955241dab624e8',9258046883,'\0'),(54,'Roosevelt','Prosacco','schoen.furman@example.com','8a02b8fbac1803787643f90e9f39d00cf0f1222e',9304647837,'\0'),(55,'Cheyenne','Shanahan','mabshire@example.org','684cc89960a76b04d6caddbc649c54358491bccc',9373162784,''),(56,'Enola','Streich','ozella49@example.net','d000bf3247350ad4841359c72f52ca5a11452ee3',9219837597,''),(57,'Susana','Kessler','egoyette@example.org','9c4bfbd5b45cc6c379ce58185ddc0bed0e96cd33',9216256282,''),(58,'Ansley','Grimes','rosenbaum.eryn@example.com','7d823bbc084161158628ff2fc5dd6106384e5473',9696327270,''),(59,'Declan','Frami','lila.pfannerstill@example.com','e43bda3ccb4d0dde496a85720b6fda62af4b64f0',9589812624,'\0'),(60,'Jeramie','Abbott','streich.cheyanne@example.net','5493ced2d7cb62211ca7a0a532904cbf5ae63fb9',9654199493,'\0'),(61,'Cecilia','Oberbrunner','owest@example.com','f6c598b0da36fd6ea01084dba4840f3574ab942d',9132317848,''),(62,'Sterling','Ziemann','freichel@example.org','68df78febf5d9f2d9e18bb882e5d46422f8451f9',9061901014,''),(63,'Rae','O\'Conner','lina.rippin@example.com','a7c4194e325f3b1bca30fca3b683eb162b3b5abf',9371061835,'\0'),(64,'Brionna','Bernier','mariela53@example.org','c039f9ffd107dbede76ed6a163989a71e456adec',9076133365,'\0'),(65,'Nola','Tromp','lebsack.iva@example.com','a9e3f2ac4c46ef04ad0e4efb98f930eb4f57b309',9339479195,'\0'),(66,'Anne','Walter','kuhlman.solon@example.net','71affba386b7972b4ae4d22efd78c5ea26281902',9391254580,'\0'),(67,'Micheal','Schaden','foster.dickinson@example.org','a2cd8efc029a0135b8cb4b401f8a1087c9ad3bd6',9584001051,'\0'),(68,'Yvette','Torphy','dorris73@example.net','4618c2b8c1a01175adf478a166a71cd42d247776',9816290828,'\0'),(69,'Enola','Lesch','kameron93@example.com','c9efe22f71395c45033d5ae10dd3177ba4e9f484',9599124915,'\0'),(70,'Nicole','Ledner','neha79@example.com','385de12352267f19cc8863de9767af16ef267e2d',9313796185,'\0'),(71,'Twila','Larkin','o\'kon.kattie@example.org','0c2d620c3c6066be31cd9a9307202c4e7d6b3d29',9657962392,''),(72,'Marjolaine','Goodwin','kub.idella@example.net','d92d381e34314da2a7294c7b42d54dd97211b265',9965323634,'\0'),(73,'Don','Swift','lourdes.kub@example.net','53e01344984b76764172ffe31d50803cc29cc9dd',9378938284,''),(74,'Gilda','Rippin','mafalda.renner@example.net','6c638134c1512d48a48ab03844b3f86a47e54cf0',9922772305,''),(75,'Danyka','Kassulke','kelly05@example.org','a17cb5e568768073701e9cee948790b9b21d01f3',9432713783,''),(76,'Delphine','Ledner','mya33@example.com','edc633788d1ddce747d5ed95e1e8935c8b33af3a',9029443925,'\0'),(77,'Violette','Jacobs','marion11@example.org','a1b5cc9cbe11417c452deb0124300a5a171b4fa2',9769460829,'\0'),(78,'Toy','Murray','antone.towne@example.net','223e925e5c9ae80063a58467d3123ef26689ef1a',9691712246,'\0'),(79,'Barton','Little','ukirlin@example.com','200ba9761ef87efa71341a402d5c653565a5086c',9604165129,''),(80,'Orville','Sporer','stiedemann.mathias@example.org','bc27feee9699512d69b8944934a0e0196af3fc1d',9761802799,'\0'),(81,'Alene','Sporer','wbailey@example.net','45a9df46012e3d80a41c6866945f1944307d62c4',9584871024,'\0'),(82,'Myra','Kuhn','obosco@example.net','a3d2c7b82936f1d719ab694b6e7b167c832820c8',9297793769,'\0'),(83,'Krystal','Russel','bridget.predovic@example.net','049e1ee2647019a3414a488e8650f2127b07f3af',9727272066,'\0'),(84,'Demetrius','Stehr','mueller.thea@example.com','62602cc44ddab8d7bcd73b09645fd2e6941de6ed',9253608023,''),(85,'Clement','Predovic','marty.bode@example.net','bb1f723655c31c5c09141097113422614a803cbc',9887855981,''),(86,'Annie','Mayert','mcdermott.otha@example.net','2a5dc8c8ecd37062603a56e040a894f54af84cef',9214446251,''),(87,'Winfield','Marvin','issac05@example.org','3605e12febb0ca5296506bfb9933693a08bafd15',9684211704,''),(88,'Zechariah','Turcotte','pacocha.randy@example.com','63bb3c65caeb34e6b14744ab88c3a75cd8328827',9505582304,''),(89,'Eliza','McGlynn','bdibbert@example.org','4042727b3c77f1b87e89182a819b2fd689e10996',9877135685,'\0'),(90,'Helga','Doyle','zreinger@example.com','06491a5d06ad03dbb20def9634e67716604804aa',9109666984,'\0'),(91,'Wyatt','Romaguera','jayde76@example.net','e6db59aef7d836feeebfb0a49b07cbe3e0c540c1',9899419861,'\0'),(92,'Jennie','Hammes','hartmann.kiana@example.org','2a70ef9f19fb7e3fab8388f81a673c90593eef6e',9621809526,'\0'),(93,'Maya','Beer','ralph86@example.org','d3a52246199af0c0106cdef8a84c97eb5842c8d9',9770594023,''),(94,'Zoe','Spinka','sschumm@example.org','bb567692eaa459107a2a9812fce08744273cfb7b',9905532246,'\0'),(95,'Kacie','Bradtke','dooley.laurine@example.net','5f405a93d7eddd019c90d428df74d73abe0137bb',9515252209,''),(96,'Ramona','Leffler','ywilkinson@example.org','c6a62d242fe8df6e658f751c1b52094334ddc2e3',9930538814,''),(97,'Norbert','Kuhic','haley.viva@example.net','0943a1022ab8d3a012698af652c6173c92515c0e',9152548537,''),(98,'Mackenzie','Lehner','cartwright.blaze@example.com','1f749550d41211de7c0a64b2de05c3faaf92bf07',9151203086,'\0'),(99,'Carolyne','Mohr','isaac.osinski@example.net','f67afba4db83fb0d2854669e4159c50d1c564f5d',9461988760,''),(100,'Benedict','Kozey','auer.ramona@example.net','72e5ab1df32a5884c24905f035ca2dee31c35d03',9956868800,'');
/*!40000 ALTER TABLE `users` ENABLE KEYS */;
UNLOCK TABLES;

--
-- Table structure for table `users_communities`
--

DROP TABLE IF EXISTS `users_communities`;
/*!40101 SET @saved_cs_client     = @@character_set_client */;
/*!40101 SET character_set_client = utf8 */;
CREATE TABLE `users_communities` (
  `user_id` bigint(20) unsigned NOT NULL,
  `community_id` bigint(20) unsigned NOT NULL,
  PRIMARY KEY (`user_id`,`community_id`),
  KEY `community_id` (`community_id`),
  CONSTRAINT `users_communities_ibfk_1` FOREIGN KEY (`user_id`) REFERENCES `users` (`id`) ON DELETE CASCADE ON UPDATE CASCADE,
  CONSTRAINT `users_communities_ibfk_2` FOREIGN KEY (`community_id`) REFERENCES `communities` (`id`) ON DELETE CASCADE ON UPDATE CASCADE
) ENGINE=InnoDB DEFAULT CHARSET=utf8mb4 COLLATE=utf8mb4_unicode_ci;
/*!40101 SET character_set_client = @saved_cs_client */;

--
-- Dumping data for table `users_communities`
--

LOCK TABLES `users_communities` WRITE;
/*!40000 ALTER TABLE `users_communities` DISABLE KEYS */;
INSERT INTO `users_communities` VALUES (1,1),(2,2),(3,3),(4,4),(5,5),(6,6),(7,7),(8,8),(9,9),(10,10),(11,11),(12,12),(13,13),(14,14),(15,15),(16,16),(17,17),(18,18),(19,19),(20,20),(21,21),(22,22),(23,23),(24,24),(25,25),(26,26),(27,27),(28,28),(29,29),(30,30),(31,31),(32,32),(33,33),(34,34),(35,35),(36,36),(37,37),(38,38),(39,39),(40,40),(41,41),(42,42),(43,43),(44,44),(45,45),(46,46),(47,47),(48,48),(49,49),(50,50),(51,51),(52,52),(53,53),(54,54),(55,55),(56,56),(57,57),(58,58),(59,59),(60,60),(61,61),(62,62),(63,63),(64,64),(65,65),(66,66),(67,67),(68,68),(69,69),(70,70),(71,71),(72,72),(73,73),(74,74),(75,75),(76,76),(77,77),(78,78),(79,79),(80,80),(81,81),(82,82),(83,83),(84,84),(85,85),(86,86),(87,87),(88,88),(89,89),(90,90),(91,91),(92,92),(93,93),(94,94),(95,95),(96,96),(97,97),(98,98),(99,99),(100,100);
/*!40000 ALTER TABLE `users_communities` ENABLE KEYS */;
UNLOCK TABLES;


-- 2. Написать скрипт, возвращающий список имен (только firstname) пользователей без повторений в алфавитном порядке.

SELECT DISTINCT firstname FROM users ORDER BY order by name asc 

-- 3. Первые пять пользователей пометить как удаленные.

UPDATE users
SET is_deleted = 1
WHERE id < 6;

-- 4. Написать скрипт, удаляющий сообщения «из будущего» (дата больше сегодняшней).

DELETE FROM messages
WHERE created_at > now()

-- 5. Написать название темы курсового проекта.

-- СЛУЖБА МЕНТАЛЬНОЙ ПОМОЩИ - это специализированная платформа для индивидуального и группового онлайн-общения через
-- защищенные сеансы с помощью эффективных инструментов и материалов.

-- Целевая аудитория платформы - психологи, психотерапевт, тренеры, ответственный за оценку персонала,
-- наставники, любые профессионалы, предлагающие психологию, психотерапию, обучение в любой области или поддержку в сложных жизненных 
-- ситуациях.

-- Платформа делает онлайн-работу психологов такой же удобной, как в оффлайне. Она подразумевает стандартные услуги в виде текстовых / видео 
-- / аудио мессенджеров, расписания, регистрации клиентов, а также новые:

-- 1. Хранение и структурирование рабочих заметок и сессий, добавление тегов, функция поиска и аналитика AI.
-- 2. Заключение договоров с клиентами через платформу, чтобы определить и обеспечить обязанности психолога и клиентов.
-- 3. Предоставление сертифицированных кураторов и мастер-классов.
-- 4. Автоматический анализ продвижения клиентов.
-- 5. Дополнительный доход психологам / наставникам от партнеров и маркетплейсов.
-- 6. Быстрый рост клиентской аудитории за счет возможности клиентов делиться своими достижениями в социальных сетях и мессенджерах.

